2026/07/20 11:15:26 no games exported for PCwNYejYVXgp (Heros & Heretics 40k League); skipped=8
event l6cY8xkzAnmd (WarZone: Atlanta 2026 WH40K): 157 games (rounds≤6, skipped rows=38)
event tuMGguNQhkPm (Warhammer 40,000 GT: Warhammer Open Dallas): 1075 games (rounds≤8, skipped rows=22)
event 63vWElKwOUED (HWG - The Long War): 23 games (rounds≤3, skipped rows=0)
event ynFic9aXDddv (ValleyCon 2026 - Warhammer 40K): 115 games (rounds≤5, skipped rows=2)
event P5iFSuNK8oge (Exterminatus 2026): 104 games (rounds≤5, skipped rows=1)
event ZGrZD73Tm82P (SKG Store Tournament): 9 games (rounds≤3, skipped rows=0)
event hFyLdnvchuCy (Reefside May 40K Tournament): 21 games (rounds≤3, skipped rows=0)
event As34jsZRNEze (Auspicious War For Vigilus): 18 games (rounds≤3, skipped rows=0)
event tPXwaveK4tj4 (Strength in Numbers 2026): 250 games (rounds≤5, skipped rows=0)
event Jp7Cl9ueBx0Z (Dragon's Lair Presents Warcon 40k Neophyte 2026): 27 games (rounds≤3, skipped rows=1)
event MzhCr2lPpmPI (Orbital Thunder RTT: XV - The Crucible Of Battle.): 15 games (rounds≤3, skipped rows=2)
event DHUI4FxnW1PO ([TTW Gawler] May 2026 2-Day 2K): 52 games (rounds≤4, skipped rows=0)
event NfNQI3MXdYsG (2026 Grim Series 4): 51 games (rounds≤3, skipped rows=1)
event M6EuGy5P8ZZU (Wira National Qualifiers 2026): 21 games (rounds≤3, skipped rows=0)
event N9wPXfBMuAQj (Mayhem Assault 3 vs 3 Team Tournament ): 54 games (rounds≤3, skipped rows=0)
event eCkGOSZMmtIn (YKT40K Threshold League Season 2 Session 8 (Good Golly Miss Molly, it's a Duos Event)): 8 games (rounds≤1, skipped rows=0)
event ndGc8n9XRdkO (Kadena RTT (May 2026)): 11 games (rounds≤3, skipped rows=0)
event cr3V3sx8y7jZ (Warhammer 40k - 1vs1 Event): 12 games (rounds≤3, skipped rows=0)
event oMQPeYi2qVbI (WH40K Thailand GT Summer 2026): 165 games (rounds≤5, skipped rows=2)
event 4AIcFTwwF0WW (HolyWar circle May 2026): 9 games (rounds≤3, skipped rows=0)
event FL9yv3RTPH2Y (Droppod wargaming RTT): 39 games (rounds≤3, skipped rows=0)
event K5LYJ0URTuW1 (XVIII Torneo Warhammer 40k PW): 15 games (rounds≤3, skipped rows=0)
2026/07/20 11:17:22 skip event RBdYMS11ggXC (Open Octogone 2026 40K solo): no pairings for first rounds — event may not have started
event Y6bD5Epb4PaO (Pentekostias 2026): 30 games (rounds≤3, skipped rows=0)
event Z5FGO9PLLe2S (The Light Brigade WWC6): 30 games (rounds≤3, skipped rows=0)
event jRliwDHkiZWY (Warmaster of the Asylum S1 E5): 9 games (rounds≤3, skipped rows=1)
event nkTSuOmbT9fQ (Salzburg Major 40K Singles 2026 - Alpine Cup): 115 games (rounds≤5, skipped rows=2)
event QujIgjXKoyTI (42º Torneo 40K   CRIPTA DE LOS HÉROES - Circuito 2026): 25 games (rounds≤3, skipped rows=0)
event 8cAtZtwnzQHR (Krashen 4 Battle at arby): 44 games (rounds≤4, skipped rows=0)
event SHivviqqC10Q (SSG & MM Shuffle Wars III:  Total Mayhem Teams): 224 games (rounds≤5, skipped rows=1)
event oHYh9CZ0Mbqs (GERMAN SUPER MAJOR 2026 40K): 618 games (rounds≤8, skipped rows=2)
event zWkDEuQuKNc9 (I Iberian Open Cosecha de Craneos): 75 games (rounds≤5, skipped rows=0)
event 8wPiQXVDQSSS (Torneo 40K Empire Games XIII): 27 games (rounds≤3, skipped rows=0)
event tpCOvKIaEuYn (Cheseaux Buccaneers Open #CBO2026): 125 games (rounds≤5, skipped rows=4)
event 27e4tW6OsLsb (True North RTT - 23rd May 2026): 36 games (rounds≤3, skipped rows=0)
event aLQXcVFbnPZ8 (D6 Games- Chelmsford Chop II): 42 games (rounds≤3, skipped rows=0)
event ciJSfPe8Bjsu (Warzone Events - May RTT): 21 games (rounds≤3, skipped rows=0)
event jySjVaBlmfbU (Didcot Beginners Tournament): 15 games (rounds≤3, skipped rows=0)
2026/07/20 11:18:35 skip event gkt6j83n9hu0 (Grim Dice 40k Doubles 2k ITC 23.05.26): no pairings for first rounds — event may not have started
event JREwjEX50eKJ (Gridiron Gaming Presents "The Long War" - 40k Singles): 36 games (rounds≤3, skipped rows=0)
event MFjfxP8aN3mA (Torneo Despedida 10th Gladius Games): 15 games (rounds≤3, skipped rows=3)
2026/07/20 11:18:39 skip event VYnYseueunWD (Call of War): no pairings for first rounds — event may not have started
event YMWD9nkL57XS (War Room Warhammer 40K Singles Event): 12 games (rounds≤3, skipped rows=0)
event bMoGnvVDpevG (40k Tournament 23rd May): 39 games (rounds≤3, skipped rows=0)
event bhagy9gfD5gr (Marquee Models 1,000 Point Tournament): 12 games (rounds≤3, skipped rows=0)
event rbn6f7ltd4Xx (Dice & Bolter 40K Teams @HobbyWorkshop  - 23rd May (4-Man)): 60 games (rounds≤3, skipped rows=0)
event xAz1ay3Q2ZrZ (Gothic Games Canterbury: May 40k RTT): 38 games (rounds≤3, skipped rows=0)
event 78lO7npph1Rn (ED Single Day 40K May 2026): 24 games (rounds≤3, skipped rows=0)
event b9nXk87QJVgo (Manaforge Games 2000 Point RTT): 24 games (rounds≤3, skipped rows=0)
event iqEjcM2OEgnj (The Continental 23.05.2026): 9 games (rounds≤3, skipped rows=0)
event nNOljUAUaO93 (XX torneo 40k Tech&Games): 27 games (rounds≤3, skipped rows=0)
event COh6MNIFGL7n (WGS | Warhammer 40k GT: Saturday 23rd & Sunday 24th May 2026): 25 games (rounds≤5, skipped rows=3)
event YaUWGmUgKJaI (CTC 2026 Warhammer 40k Championship Open): 172 games (rounds≤5, skipped rows=10)
event HNOU9zeKKGFR (Warhammer 40K RTT at The Upkeep Games Howell): 66 games (rounds≤3, skipped rows=0)
event jRNlFXkImAZs (Excelsior Games and Comics Warhammer 40k 2000 Point RTT): 26 games (rounds≤3, skipped rows=2)
event 5cnybC9CKxER (Garage Hammer GT 2026): 44 games (rounds≤5, skipped rows=2)
event 6gWWZDptLD7h (Midwest Conquest GT 2026): 145 games (rounds≤5, skipped rows=4)
event FnDi974DHvYY (Warhammer 40k 10th Edition Send-off Tournament): 15 games (rounds≤3, skipped rows=3)
event Gg9ej25lVe5p (Trinity Hobby - RTT GW 2000pts 40k Tournament - May 23rd 2026): 32 games (rounds≤3, skipped rows=0)
2026/07/20 11:19:26 skip event XpVV99hf8B4X (Midwest Conquest Narrative 40k 2026): no pairings for first rounds — event may not have started
event fqt41iKlT73E (San Angelo Wargaming May 2026 2000pt 40K RTT): 21 games (rounds≤3, skipped rows=0)
event qza4K17XqFN9 (Tri-Warrior Cup #4): 45 games (rounds≤3, skipped rows=0)
event rHUPFJVNvY66 (Game Kastle May RTT: Last Hurrah for 10th!): 21 games (rounds≤3, skipped rows=0)
event yIzfnmdOXiVh (Warzone at Sparkey's Gaming): 12 games (rounds≤3, skipped rows=0)
event YqVfqchLd5hR (Warzone Farmingdale I): 21 games (rounds≤3, skipped rows=0)
2026/07/20 11:19:37 skip event DR2UMujlADxL (GUTI - Doublehammer Throwdown - May 2026): no pairings for first rounds — event may not have started
2026/07/20 11:19:38 no games exported for DawZByp5OEny (Prairie Con Apocalypse); skipped=0
2026/07/20 11:19:39 skip event H80FAYKXJjkL (June 20, 2026, 2k Tournament): no pairings for first rounds — event may not have started
2026/07/20 11:19:40 skip event Mm3qTLyxqmYe (Toy Soldier Games 1000pt 40K): no pairings for first rounds — event may not have started
2026/07/20 11:19:41 skip event Ntk3RBHlKMOJ (May 2026 Event (2000)): no pairings for first rounds — event may not have started
event TIJgHeBfGbly (TBZ Warhammer 40k RTT - May 23rd - 2k points (5/23)): 12 games (rounds≤3, skipped rows=3)
event bZhVc1hj4xej (W.S.R. Street Tier Cup): 6 games (rounds≤3, skipped rows=1)
event dpiGHoAgERzO (TJ Cafe & Games Spring GT (May 40K Tournament) ): 38 games (rounds≤5, skipped rows=3)
event lO2iL8w5yHRu (40k Combat Patrol Tournament): 6 games (rounds≤3, skipped rows=0)
event nP7MJRNSfC6q (TRIDENT Team Open 2026): 192 games (rounds≤4, skipped rows=0)
event nxD80lnuU46Y (40k Store Tournament): 27 games (rounds≤3, skipped rows=3)
event ow4soXfeykce (May 2026 - Fallout Gaming Warhammer 40k RTT): 9 games (rounds≤3, skipped rows=0)
event vQfbmYk9V41n (Friendly 2k Tournament! (Asymmetrical)): 15 games (rounds≤3, skipped rows=0)
2026/07/20 11:20:01 skip event wrKRsnU4n7eU (May 2026 Esio RTT): no pairings for first rounds — event may not have started
event Z8bdphY0suTc (Second City Games bonus 40K RTT - May '26): 12 games (rounds≤3, skipped rows=0)
event lh6CXMy5E2Js (Energy City Open): 30 games (rounds≤5, skipped rows=0)
2026/07/20 11:20:05 skip event Wd1q5JrK6dkE (Atomic Hobby Shop RTT - 5/23): no pairings for first rounds — event may not have started
event aZA50C8MGTbd (The Storm of Silence Warhammer 40,000  Grand Tournament 2026): 279 games (rounds≤5, skipped rows=4)
event fCNjKj07b4Iw (May Warhammer 40k RTT Hosted by KO): 14 games (rounds≤3, skipped rows=0)
event fEIn1TMAHDfc (Wandering Adventures- May 23rd): 5 games (rounds≤1, skipped rows=0)
event vQzMzc4ReXYS (BKGAMES MONTHLY 40K RTT): 24 games (rounds≤3, skipped rows=2)
event ygfh3xNMbyvn (Twisted Games Kings of the North Midwest Qualifier): 120 games (rounds≤4, skipped rows=0)
event zDa9n3cUP554 (WarGamesCon presents: King of the Kastle May 2026): 17 games (rounds≤3, skipped rows=0)
event Fl1ib8J17p2H (Knight of Game's Grand Tournament 5): 15 games (rounds≤3, skipped rows=3)
event FKsBtHi4ZqHx (Bay Area Open 2026 - Warhammer 40k Champs): 429 games (rounds≤6, skipped rows=9)
event NsWfEILxQmds (OC8's 40k GT by Dicehammer): 160 games (rounds≤4, skipped rows=0)
event wKB5llBrrXqJ (Heroes of the Mid Table Spring GT 2026): 101 games (rounds≤5, skipped rows=0)
event PKGBPuMRXNNM (Nocturnidad y Alevosía 2026-05): 5 games (rounds≤2, skipped rows=0)
event VSZHzQYOmwdo (Windfall Games May RTT): 9 games (rounds≤3, skipped rows=0)
event X6MhJWov01Gt (JPJ May/June league): 1 games (rounds≤1, skipped rows=5)
event XXUIdnibpdtp (WH 40k - Slow Grow 1250pts @ Green Tower Games): 12 games (rounds≤3, skipped rows=0)
event ggc8fWm3YAPW (K&D Warhammer 40K Competitive Tournament): 7 games (rounds≤3, skipped rows=2)
event pKtqSeQRmPEy (Golden Bolter 40k Tournament): 15 games (rounds≤3, skipped rows=0)
event 23cq8yb7RRro (5/23/2026 Tier 1 Chapter Approved): 15 games (rounds≤3, skipped rows=3)
event 2pf9uaTIAFiR (Dragon's Lair Presents Warcon 40k Acolyte 2026): 33 games (rounds≤3, skipped rows=2)
event GJjSO7kmpANn (ATT40K 2026 Spring): 60 games (rounds≤3, skipped rows=0)
event hm82nBBHFTng (Dalby - Escalation League 750): 8 games (rounds≤2, skipped rows=0)
event UBbbOM1daukn (Rubicon Open: Last Stand): 18 games (rounds≤3, skipped rows=0)
event 0FcyOF6cGEDo (Kallahammer GT 1): 12 games (rounds≤3, skipped rows=0)
2026/07/20 11:21:18 skip event xCp3U4aoUROY (Call of War): no pairings for first rounds — event may not have started
event xSu0lR4OM77j (MiniGT Santiago MAYO 2026): 41 games (rounds≤3, skipped rows=1)
event 85BUtZCVX2IR (Mad Cap - Warhammer 40k - C.R.E.W.+ - II Evento): 16 games (rounds≤3, skipped rows=0)
event rOEsLRh5MhbN (Seconda Tappa Campionato Savonese): 18 games (rounds≤3, skipped rows=0)
2026/07/20 11:21:25 skip event BhJmgykkYxMd (Store Tournament Warhammer 40.000): no pairings for first rounds — event may not have started
event cyTgBu0dC99L (Torneo WH40k Officina del Mek del 24 Maggio 2026): 15 games (rounds≤3, skipped rows=0)
2026/07/20 11:21:27 skip event e9ehluP6UG2X (The Realm - Torneo a Coppie Warhammer 40K): no pairings for first rounds — event may not have started
event oa2fdMud9P0d (GdG Championship Tournament): 18 games (rounds≤3, skipped rows=0)
2026/07/20 11:21:30 skip event z7yfizrWjL4D (40K 1000 puntos - WAR LOTUS): no pairings for first rounds — event may not have started
event ZEJDo49f2er3 (Qualifying Event for the 2026 World Championships of Warhammer 40K): 12 games (rounds≤3, skipped rows=0)
event nSmGeZ8RMjyQ (Blackwater Vikings Grand Finale): 27 games (rounds≤3, skipped rows=0)
event M0MuiwpQlZnS (Rising Phoenix Games - May): 22 games (rounds≤3, skipped rows=1)
event WSv1VqJxs0RK (War Open Day 1K - May 2026): 15 games (rounds≤3, skipped rows=3)
event drzKs6GS0tNF (SouthportTournamental): 9 games (rounds≤3, skipped rows=3)
event pps2NvDKXUTO (Bay Games presents:  The Bay-Tide RTT): 30 games (rounds≤3, skipped rows=0)
event q37eCXOUehnW (Pete's Games May 2k Tournament): 11 games (rounds≤3, skipped rows=0)
2026/07/20 11:21:42 no games exported for sT38XTQ4vKt6 (KMC 40K Farewell To 10th Edition Campaign CAPSTONE BATTLE); skipped=0
event xPWYyDmkjLSY (Death World 8: A shattered City): 18 games (rounds≤3, skipped rows=0)
event eUAbWWDL738u (Underworld Gaming: Galaxy Purge WH40K): 25 games (rounds≤3, skipped rows=2)
event qsCXaBCptovw (Harlequins 40K RTT May 2026 - 10th Edition FINALE): 30 games (rounds≤3, skipped rows=0)
event y6GbdrEcKYu9 (GameShelf May 2026 WH40K RTT): 27 games (rounds≤3, skipped rows=0)
2026/07/20 11:21:51 skip event 57An5EEw8QuH (May 2026 40k RTT): no pairings for first rounds — event may not have started
event P7zTQ4kfzx2y (Flipside Gaming 40k Monthly Event 05/24/2026): 26 games (rounds≤3, skipped rows=1)
event R6TxHZxjQqQt (Eastern Imperium May 2026 KOTC 4: The Final Countdown): 16 games (rounds≤3, skipped rows=2)
2026/07/20 11:21:55 no games exported for Z0VeyixGEF9C (Battle For Armageddon); skipped=0
event mCzCyyralPgD (Asgard Games May RTT): 15 games (rounds≤3, skipped rows=2)
event uAXaG8vG0PW6 (Circle City Championship Season 5 - May RTT): 12 games (rounds≤3, skipped rows=0)
event 8oCkl8hdytvM (Trouble Brewing in the Wyldwood - May 2026): 18 games (rounds≤3, skipped rows=0)
event l9xUlUjpIidg (1° Torneio Ludohammer): 12 games (rounds≤3, skipped rows=2)
event OHdtwGmOemtR (Warhams end of 10th): 6 games (rounds≤3, skipped rows=0)
event vvfmwiZr5EHp (Battlegrounds Games & Hobbies TTS League (5)): 22 games (rounds≤4, skipped rows=2)
event 6v2yvg2fVsjP (Familiar Con): 12 games (rounds≤3, skipped rows=3)
event WE2jWpNaEkT6 (Warhammer 40,000 GT: Warhammer Open UK Games Expo, Birmingham): 420 games (rounds≤8, skipped rows=7)
event v7KMtYG42cgm (BBT 26 - Ben Best Tournament): 15 games (rounds≤3, skipped rows=3)
event Tx0IQ9UvJPCy (WAAGH-A-PALOOZA! 40K Tournament): 53 games (rounds≤5, skipped rows=3)
2026/07/20 11:22:29 skip event dvv7gAfzJ0l5 (Farewell to 10th @ Tier 1 Games): no pairings for first rounds — event may not have started
event 0fLqhdJAlysS (V GT Andorra & Open Ordino): 500 games (rounds≤5, skipped rows=1)
event LbarCJ3Gvjob (SouthCon 2026): 70 games (rounds≤5, skipped rows=5)
2026/07/20 11:22:53 skip event b24kPgcXTUyK (Eastern Imperium May-June 2026 Painting/Kitbashing Competition): no pairings for first rounds — event may not have started
event rJMV7aGmyqGN (Warplings May RTT): 27 games (rounds≤3, skipped rows=3)
event uh3CzJzBAtF0 (MAITLAND RTT 2000pt Warhammer 40k Tournament - May 2026): 9 games (rounds≤3, skipped rows=2)
event NBYDelC3cH4k (ATWN Open 2026): 87 games (rounds≤5, skipped rows=5)
event oQTErIZWXOhb (Shed Hammer - 3 Player Teams): 45 games (rounds≤3, skipped rows=0)
event uWY38wITy1Id (Tinyhammer 40,000 2026): 183 games (rounds≤7, skipped rows=10)
2026/07/20 11:23:12 skip event fYCEGAw2jHb4 (Gaming Nexus RTT - May 2026): no pairings for first rounds — event may not have started
event V5Tm1IOYQ3KO (Amcorp 40K Chapter Approved 2025-26 Incursion (May '26)): 6 games (rounds≤3, skipped rows=3)
event 3QTLdDdQ7BnJ (Jade Lotus Tournament): 104 games (rounds≤5, skipped rows=0)
2026/07/20 11:23:21 no games exported for pQKrksvof4Gz (Warhammer Doubles); skipped=0
event dT7Fij5exSgu (OpenCyL Asalto al Reino): 21 games (rounds≤3, skipped rows=0)
event fSKBxkCjzf21 (WARPFlame 40k Grand Tournament): 50 games (rounds≤5, skipped rows=2)
event 7Vi2OooZbmQy (Lost Legion Wargaming 40k RTT): 27 games (rounds≤3, skipped rows=1)
2026/07/20 11:23:28 skip event A0AGgN1QO2Bx (WarBrothers War chapter 3): no pairings for first rounds — event may not have started
2026/07/20 11:23:29 no games exported for DcjP8LSv5eyk (Hive Scum Open); skipped=0
event IZbtmo844QlA (LeNDület Kupa V 2026 május): 18 games (rounds≤3, skipped rows=0)
event NWu18sCyep4F (3. Panda Cup): 30 games (rounds≤3, skipped rows=0)
event VfM7EqtiXRXk (Főnixcsarnok 2026 Május - WH40K): 21 games (rounds≤3, skipped rows=0)
event dZAdSdhi8vlY (Corsair RTT 2026 #1): 27 games (rounds≤3, skipped rows=0)
event 6FmZHAyDpRN0 (ZGG War of the Worlds): 12 games (rounds≤3, skipped rows=0)
event O0zhpJG79Nmo (TOMD - Spring RTT 2026): 45 games (rounds≤3, skipped rows=0)
event VilrQ8PbZYNo (D6 Games - The Bedford Bash GT): 45 games (rounds≤5, skipped rows=0)
event ZR9FsmXcehwv (Battle of Boltstorm): 24 games (rounds≤3, skipped rows=0)
event 4as0oZmSmBxV (WH40k event - Boltgun Tactics RTT May2026, hosted by Battleground UK): 36 games (rounds≤3, skipped rows=0)
event G3aSAroJUI86 (That 6++ RTT Series 2026: Summer): 24 games (rounds≤3, skipped rows=0)
event GVJuRjVGan8O (Battle at SUGS!): 15 games (rounds≤3, skipped rows=0)
event GhBtqfO0aDGy (Warhammer 40k Rubikon League květen 26): 21 games (rounds≤3, skipped rows=0)
event Mvdqlaqmq6gE (Torneio Mensal - A Resistencia - Maio 2026): 18 games (rounds≤3, skipped rows=0)
event Q2DDX3qXvBZ1 (Swordwind XV): 27 games (rounds≤3, skipped rows=0)
event QZT8SY0zZb9U (Venator Centurion): 29 games (rounds≤3, skipped rows=1)
event WEAVgqKZy45u (Manchester Teams Tournament): 300 games (rounds≤5, skipped rows=2)
event mRf6VG3xSwNZ (Alea Legio - Battle of the Coast - 40k Mai): 10 games (rounds≤3, skipped rows=1)
event d59rFzHl1FZa (DELIVERANCE FALL - 40k Narrative Event): 9 games (rounds≤3, skipped rows=0)
event fKMAxUpcpGgK (Phoenix 40K & 7th City Collectables May 2026 RTT): 41 games (rounds≤3, skipped rows=1)
event v9eDFhl1tFRI (DUNGEONS AND DONUTS - MAY 2026 RTT): 24 games (rounds≤3, skipped rows=0)
2026/07/20 11:24:17 skip event WwBi1OyNVCTv (The War of the Bleeding Sun): no pairings for first rounds — event may not have started
event moCxdlsa1jnX (Grumpy Pony Masters League 2026 - Round 4): 12 games (rounds≤3, skipped rows=0)
event D6tYYhlucDzM (40K Invitational 2026 Qualifier 5 @XPG): 21 games (rounds≤3, skipped rows=1)
event mGoKYhOsswjq (The Great Crusade 2026): 64 games (rounds≤4, skipped rows=0)
event 5Wdf2fvzqZJN (3Dragons 40k Tournament May): 24 games (rounds≤3, skipped rows=0)
event Bzic5OI7kjXB (Roasted Pig Cup🐖): 15 games (rounds≤3, skipped rows=0)
event KMjNboeBuIdy (Road to Armageddon League III): 20 games (rounds≤4, skipped rows=4)
event bydkSCFf07rH (Legends Gaming 40k Tournament): 43 games (rounds≤3, skipped rows=1)
event cEZBz3Hp326g (Adeptus Five-0: Jail Break Hosted by Away Games): 65 games (rounds≤5, skipped rows=4)
event fl9gCyVEw8Tw (GMG Warhammer 40k Tournament): 21 games (rounds≤3, skipped rows=3)
event hL3A07jPJOrx (Huzzah Hobbies Road to NOVA 40K Event): 86 games (rounds≤5, skipped rows=3)
2026/07/20 11:24:41 skip event iQH0kSFA9XtQ (Trinity Hobby - Doubles 40k Tournament - May 30th): no pairings for first rounds — event may not have started
event l2pRha5x3Gvp (Atlas Games May 40k RTT): 30 games (rounds≤3, skipped rows=2)
event oWEcDZypGVbO (Chad Flemming Memorial RTT 2026): 17 games (rounds≤3, skipped rows=1)
event r5yM2SM4Jp2i (Dark Crusade Invitational Series: Chapter 4): 18 games (rounds≤3, skipped rows=3)
event vSzuyAjtWWam (The Brawl 2026): 104 games (rounds≤5, skipped rows=5)
2026/07/20 11:24:52 skip event 5sNi9014jQ7H (Red Dragon presents Grand Narrative part 3. May 30th 2026): no pairings for first rounds — event may not have started
event DWRXmVrkkM3I (Toy Soldier Games 2000pt 40K): 31 games (rounds≤3, skipped rows=0)
event EctV8aOecBnu (Myth Warhammer 40k RTT): 21 games (rounds≤3, skipped rows=0)
event G3xY6LBlW71Z (Fenris Gaming LLC May 2026 Warhammer 40k RTT): 33 games (rounds≤3, skipped rows=0)
event GHuayAQxUQUa (Mythicos Studios Asymmetric War Tournament): 21 games (rounds≤3, skipped rows=0)
event HAI1egtbF2HU (Warhammer 40k 2000pt Tournament): 18 games (rounds≤3, skipped rows=3)
event IPOUlPj43wEf (Koros Wargames - 40K 2000 Point): 12 games (rounds≤3, skipped rows=0)
2026/07/20 11:25:03 skip event IiuxtTnKrblu (Game Table Adventures Spring Strike 2026): no pairings for first rounds — event may not have started
event Iwk0fE8dUPor (Farewell 10th, Hello Big Store!): 33 games (rounds≤3, skipped rows=0)
event L2I8FBAZ6sXw (Grand Adventures Comics monthly May): 14 games (rounds≤3, skipped rows=0)
event OSeLbPZOL81E (Game Universe - Warhammer 40k GT 2026): 53 games (rounds≤5, skipped rows=5)
event RjQbyhLxwm8v (10th Edition Escalation League): 10 games (rounds≤3, skipped rows=2)
event TxL1A7gF1WRN (BSWG May 2026 Competitive RTT): 30 games (rounds≤3, skipped rows=0)
event aAeccflCXkKS (Bugeater 2026): 200 games (rounds≤5, skipped rows=0)
event dAXGWnzivsvW (1000 Point League Top 8): 7 games (rounds≤3, skipped rows=0)
event h9LiHaCXw49J (Hobby Chest Narrative Event: Vengeance of Circlan): 18 games (rounds≤3, skipped rows=0)
event oqmnHkLsefOm (Da Last WAAAGH! - A GVG 40k RTT): 45 games (rounds≤3, skipped rows=0)
2026/07/20 11:25:28 skip event qlSh0xExaFl8 (Red Raccoon Games May 2026 Warhammer 40k Doubles Tournament): no pairings for first rounds — event may not have started
event uyIDrW7DbQa7 (Rumbo al mundial 2026): 6 games (rounds≤3, skipped rows=0)
event 0oUJ8zOg7Ufx (Segundo GT APEWAR): 43 games (rounds≤5, skipped rows=0)
event 4DGFTp4yZmRQ (Hard Knox games 40K May): 39 games (rounds≤3, skipped rows=3)
event QJ39biQlvWJe (TC War Room 10th Ed Send-off): 30 games (rounds≤3, skipped rows=0)
event zP2f2EubaXMP (Nexus Game Lounge Denton Warhammer 40k RTT Tournament 5/30): 39 games (rounds≤3, skipped rows=1)
event 247ZyAczEty9 (Artists Brawl 2026): 22 games (rounds≤3, skipped rows=4)
2026/07/20 11:25:41 skip event 56Dqjg6xlJOR (Battle for The Daily Planet): no pairings for first rounds — event may not have started
event E1QC3EapQHz6 (Miniature Manager May 40K Team Tournament): 27 games (rounds≤3, skipped rows=0)
event U753xNMYfjQy (2026 Game Grid Open): 25 games (rounds≤5, skipped rows=4)
event X0FTuymRQCpm (The Calgary Game and Collector Show Inaugural Warhammer 40K RTT Sponsored by Arcane & Eclectic Collectibles): 24 games (rounds≤3, skipped rows=0)
event X3pnp9AKGq6s (May 2026 Miniature Market Warhammer 40k RTT): 24 games (rounds≤3, skipped rows=3)
event ZM4dpryWbbf0 (IceBreaker2026 - 40K GT): 71 games (rounds≤5, skipped rows=0)
event ae4H2rhtcLg9 (Treasure Hunt Games Clovis NM Warhammer 40K 30 May RTT): 15 games (rounds≤3, skipped rows=0)
event fR1B14hemnHj (RBBR May 2026 RTT): 23 games (rounds≤3, skipped rows=0)
2026/07/20 11:25:55 skip event oib3OtyhV87u (ChupacabraCon Doubles!): no pairings for first rounds — event may not have started
event pqAv9fTTsJog (The Hidden Lair May 40K tournament): 12 games (rounds≤3, skipped rows=0)
event prGcziztzCeR (Farewell 10th Ed. Tournament): 15 games (rounds≤3, skipped rows=0)
event zeruVU5LQXbE (May Warhammer 40K Tournament): 4 games (rounds≤2, skipped rows=0)
event zknlvrMAm8Tm (New World Gaming - May RTT - 10th Edition Send-Off): 21 games (rounds≤3, skipped rows=0)
event bLSAw22IWyz8 (Critical Hit Games Warhammer May 2026 RTT): 20 games (rounds≤3, skipped rows=2)
event usWYiHpBCGBy (Mountain West Classic Grand Tournament '26 - Warhammer 40K): 371 games (rounds≤6, skipped rows=6)
event 4bv1ZjiWQgnl (The Great Game - Gongaii GT Spring 2026): 100 games (rounds≤5, skipped rows=4)
event 768FuS94n3Jv (Squad Marks HQ Escalation League): 12 games (rounds≤3, skipped rows=0)
event EoD3aZEi7ohP (Warhammer 40,000 RTT May 2026): 15 games (rounds≤3, skipped rows=0)
event JCm1A5wInTo8 (Warpfire 40K League - Teams Tournament!): 17 games (rounds≤2, skipped rows=0)
event L5sE1PD5i2Xq (May 2026 Store Championship Miniature Mayhem at Phoenix Games): 21 games (rounds≤3, skipped rows=0)
2026/07/20 11:26:29 skip event c4evCu8Zhp1m (Aegis Games Warhammer 40k Doubles event May Showers!): no pairings for first rounds — event may not have started
2026/07/20 11:26:30 skip event d49qfYJdr4rL (40k Two-Headed Ogryn Doubles Tournament at The Gaming Guild): no pairings for first rounds — event may not have started
event yiaeYfc6LrxJ (Escalation League): 10 games (rounds≤3, skipped rows=3)
event ICepEPA734Lw (Brick City & Games RTT): 12 games (rounds≤3, skipped rows=0)
event tB1xZLDSyOkg (Game Wizard & Blue Sky Hobbies Warhammer 40K RTT (May)): 18 games (rounds≤3, skipped rows=0)
event xFA5g4C2zRph (Game Shelf 40k Series): 27 games (rounds≤3, skipped rows=3)
event Ft2PcES4C8cc (WARHAMMER 40K INCURSION): 20 games (rounds≤3, skipped rows=0)
event IonivhWqsXfz (The Sandbox Bookstore & Games Farewell to 10th Edition): 12 games (rounds≤3, skipped rows=0)
event bX6hRQs7J5PV (Nexus May RTT 2026): 20 games (rounds≤3, skipped rows=2)
2026/07/20 11:26:41 no games exported for fQJubST1fVpt (Battleshocked Two Headed Dragon); skipped=0
event hRgF7HXdJ5EO (Beaver State Bash 2026): 14 games (rounds≤2, skipped rows=0)
event x4VZIrZ1c4SV (Arctic Board Games May RTT): 21 games (rounds≤3, skipped rows=0)
2026/07/20 11:26:45 skip event GvDmibaCZVgg (Mugu Games Team Event): no pairings for first rounds — event may not have started
event Lmi1b4igqbyB (Area 51 Gaming 2k Tournament): 15 games (rounds≤3, skipped rows=0)
event PhXP5dZGWKkm (Sons of Mohave 40k League Season 1): 12 games (rounds≤3, skipped rows=3)
event m8jDZQlgyL8k (Next-Gen Games 10th Send Off RTT): 12 games (rounds≤2, skipped rows=1)
event WVjzEZPOIkMn (TORNEO WARHAMMER 40,000 1000 PTS): 3 games (rounds≤2, skipped rows=1)
event 7h4fOA1F5go2 (Warhammer 40K Tournament): 1 games (rounds≤1, skipped rows=0)
event 9fmM5yBZUfj3 (Chirnside Park Monthly Warhammer 40k Tournament - May 31st '26): 24 games (rounds≤3, skipped rows=0)
event EW7GvqECvNVn (40k One Day May Tournament): 27 games (rounds≤3, skipped rows=3)
2026/07/20 11:26:56 skip event aCQV2apU9jft (The North's 11th Hour Warhammer 40k RTT): no pairings for first rounds — event may not have started
event nacMPdaRRkl3 (Bewitched Korat 2026): 33 games (rounds≤3, skipped rows=0)
2026/07/20 11:26:59 skip event JjBiJ0lRhtel (MTC 40k 31st May 5-Man Team Tournament): no pairings for first rounds — event may not have started
event hPGa3cyExcqF (A Tale of Rotten Seagulls, 2026): 18 games (rounds≤3, skipped rows=0)
event l7OctYnOl628 (XVI Torneo Wargames Jaén): 18 games (rounds≤3, skipped rows=0)
2026/07/20 11:27:03 skip event dwa0ZokLaaFr (Hammer Of War - Hammerstorm 7 Edition): no pairings for first rounds — event may not have started
event y580UvnmgEh7 (Warzone 40K Slow Grow 2026): 10 games (rounds≤2, skipped rows=0)
event M8j4ccTotJmN (May Lionsheart 40k Tournament): 12 games (rounds≤3, skipped rows=0)
event eK6a8E89wHG3 (Warhammer monthly): 6 games (rounds≤3, skipped rows=3)
event ooN3sCS76s3p (NaughtyK: Warhammer 40k RTT May (31/05/26)): 30 games (rounds≤3, skipped rows=0)
event LXBL6hxBHubW (2k Matched Play at Games Ahoy): 21 games (rounds≤3, skipped rows=0)
event 0xU2wYkzEB0W (Card Brawlers - Team Canada Support RTT - May 2026): 30 games (rounds≤3, skipped rows=0)
event 5CDypJeRisKr (Great Stories 40k May Tournament): 30 games (rounds≤3, skipped rows=3)
event GMyAfnj5vbcE ( Monthly 40K RTT - Fantasy Forged - May 31, 2026): 29 games (rounds≤3, skipped rows=1)
event etyJWCKJlUTs (The Green Man Invitational IV): 12 games (rounds≤3, skipped rows=0)
2026/07/20 11:27:18 skip event ybQIqVQz4XUU (Quincy Sector Crusade V): no pairings for first rounds — event may not have started
event 1umEsm7CPlTl (May knightly Siege 2026): 9 games (rounds≤3, skipped rows=3)
event 2BV0OoD4PItl (May RTT at Hobby Forge): 15 games (rounds≤3, skipped rows=0)
event M48V8Ex3bluF (Critical Hit Games Presents: May's Awakening): 11 games (rounds≤3, skipped rows=3)
2026/07/20 11:27:23 skip event TFqVrc0szhix (War on the Vespator Front Charity Narrative Campaign): no pairings for first rounds — event may not have started
event VVHwLgupxVvV (Thunderbird Games Combat Patrol Tournament): 6 games (rounds≤3, skipped rows=0)
event Aa4xEn28Q1kr (K-max 1500 League Tourney): 18 games (rounds≤3, skipped rows=0)
event SjTJ2Zr3s8Dy (Toy Soldier W40k RTT 2026): 36 games (rounds≤3, skipped rows=0)
event N6lTiuBnTmdQ (Fort Wayne June 40k League): 35 games (rounds≤3, skipped rows=0)
2026/07/20 11:27:31 no games exported for QFIxEQHG9LUA (Shed Hammer Painting Competition); skipped=0
event jDEmrbZowWFR ($1k Warhammer 40,000 League - 2,000pt Armies ($1,000 Prize Pool)): 13 games (rounds≤5, skipped rows=7)
event QnXNeDkp3qsu (División 3 Liga 2d6 Store (Round 3)): 41 games (rounds≤3, skipped rows=24)
event d9Tn3qUGVolY (División 2 Liga 2d6 Store (Round 3)): 16 games (rounds≤3, skipped rows=8)
event 3FDGTosxV0CN (40k Summer/ Autumn Competitive League): 89 games (rounds≤2, skipped rows=42)
event KLIsCDtWOpnW (Tempest of battle: 11th Edition 40k League): 12 games (rounds≤1, skipped rows=0)
event FifXySE8wWcJ (Phoenix League - Season 4): 22 games (rounds≤2, skipped rows=11)
event JGTxjbJyUtUO (June League): 2 games (rounds≤2, skipped rows=2)
event jnzqmn5MWpJe (HWP 40k Narrative League): 1 games (rounds≤1, skipped rows=3)
event dgSaYMZ4nZbC (Cascadia Six Banners League 11e): 1 games (rounds≤1, skipped rows=4)
event NCu0DoIbNXkR (Midweek Masters Solstice Slaughter): 9 games (rounds≤3, skipped rows=2)
event yzGsM6auSmht (40K monthly league (june)): 16 games (rounds≤3, skipped rows=2)
2026/07/20 11:27:52 skip event aBX9xngVMLsM (Hammer Deen 40k League Summer!): no pairings for first rounds — event may not have started
event 2V64gXFlAJpj (BTW Winter Championships 2026): 13 games (rounds≤3, skipped rows=4)
event iI1ZKVbfxxhh (Gamers Village Presents Slow Grow Pummel [40k League]-): 15 games (rounds≤3, skipped rows=0)
event lcXJ8EOAP6ax (Terracon 2026): 312 games (rounds≤6, skipped rows=0)
event 09mEuFaMvkVz (Warhammer 40000: 2026 Championship Monthly Tournament - Round 6): 6 games (rounds≤2, skipped rows=2)
event fwsXp9OgE9Xx (Asymmetric war for Armaggedon): 24 games (rounds≤3, skipped rows=0)
event SMxtTfcJ3KbS (Road to Armageddon League IV): 16 games (rounds≤4, skipped rows=4)
event E4zi9G9Wi3cu (Warhammer 40k - Farewell 10th ed): 24 games (rounds≤3, skipped rows=0)
event 70QL0A5kSFYB (Back To Games - May 2K): 15 games (rounds≤3, skipped rows=2)
event Pc4nNElTje9b (Open Offensive Strastégique 2026): 139 games (rounds≤5, skipped rows=5)
event QfgZjFzX5jAw (Segmentum Asturica Grand Final): 11 games (rounds≤3, skipped rows=0)
event bNHQBUKVwAl7 (III IBERIAN OPEN VALLECAS): 68 games (rounds≤5, skipped rows=1)
event rLKS5uHihcGn (From Hell Open IV - Fix Bayonets !!): 292 games (rounds≤5, skipped rows=6)
2026/07/20 11:28:40 skip event u2I0NCKpoTU5 (Open Offensive Strastégique 2026): no pairings for first rounds — event may not have started
event 63GHPFC4WIjw (Italian WTC Redeux 2026): 425 games (rounds≤5, skipped rows=0)
event hs5nIEIhA4gd (73. WH40K Masters of the Universe): 30 games (rounds≤3, skipped rows=0)
event ksfAPliRyf6G (The Midyear Massacre 2k Points, 40k UKTC): 36 games (rounds≤3, skipped rows=0)
event 7Z8yyKRq1ZZq (Grim Dice 40k 2k 10th Ed Finale Tournament 06.06.26): 45 games (rounds≤3, skipped rows=0)
2026/07/20 11:29:06 skip event aLwq5xN5HBwY (WestCoast Wargames 40k 2026 June): no pairings for first rounds — event may not have started
2026/07/20 11:29:07 skip event 2I25wpr6i0O4 (*CANCELED* Grim Hussars & HTC 40K Tournament 06/2026): no pairings for first rounds — event may not have started
event 4u9x0EmOOogm (Bristol Crusaders Summer GT): 61 games (rounds≤5, skipped rows=2)
event WnagrOeFEqHZ (Hellstorm's PaRTTy (Tournament) 6th June 2026): 36 games (rounds≤3, skipped rows=0)
event Y0C8eIhm1ve3 (The NAGs head RTT Series #5): 12 games (rounds≤3, skipped rows=0)
event b72JEbvdd1Bk (Nailhammer 11 (2 day 5 game GT)): 75 games (rounds≤5, skipped rows=0)
event 6SfwNkORdXwM (Wrexhammer June RTT): 27 games (rounds≤3, skipped rows=0)
event lgnYDEnduToI (Forge of War: The Last Muster): 21 games (rounds≤3, skipped rows=0)
event WlRUE4VbrTRB (Eastern Imperium/Tower of Games Top 8 40k League): 11 games (rounds≤3, skipped rows=0)
event 6VUwr5DtNeX2 (June RTT! (ITC)): 21 games (rounds≤3, skipped rows=0)
event D7Hr3gQpKtU6 (Triple Cities 40K June Mayhem RTT @ Dragon Master Games): 10 games (rounds≤3, skipped rows=0)
event JczWtwysZo69 (Immortals Final 10th ed RTT): 23 games (rounds≤3, skipped rows=1)
event uxLkGopVUgVw (Midgard June 2026 GRAND TOURNAMENT - 2 DAY EVENT): 58 games (rounds≤5, skipped rows=2)
2026/07/20 11:29:31 skip event wHMSpdvW5gdE (Chimera Gaming Warhammer 40K Charity Doubles RTT - June): no pairings for first rounds — event may not have started
event x4peJV4V4INr (Bolter Brawl 24 June Championships): 9 games (rounds≤3, skipped rows=0)
event xFb10oaQeWxk (Torchlight RTT 2000pts - June 6th 2026 - 10th Edition Send-Off): 42 games (rounds≤3, skipped rows=0)
event lZT4SfcARTP9 (Warhammer 40K Bad Army Event): 6 games (rounds≤3, skipped rows=5)
event rCv9NrnmhtFb (Rammaric Industries RTT -  June 2026): 16 games (rounds≤3, skipped rows=2)
event 2kzcagbp8e5J (Dicehead Escalation League Capstone RTT 2000 Points): 12 games (rounds≤3, skipped rows=3)
2026/07/20 11:29:40 skip event A9LeRlrtGgBQ (Five Star Games 40K RTT June 2026): no pairings for first rounds — event may not have started
event AZOGl6Gb3KxC (Treasure Hunt Games Amarillo Tx Warhammer 40K 06 June RTT): 14 games (rounds≤3, skipped rows=0)
event DTjnqdzFnWAW (June RTT 2k No Battle Ready): 8 games (rounds≤3, skipped rows=0)
event G4vniknEApiV (Warhammer 40,000 Spring League): 30 games (rounds≤5, skipped rows=0)
event IvbwOCAbeMNP (10th Edition 40K Going Away Tournament @IMPACT): 30 games (rounds≤3, skipped rows=0)
event K3drPuaAmi3d (Sick 3D 2k Tournament): 15 games (rounds≤3, skipped rows=3)
event LMKendMkt4bX (Twin Crusaders 9th RTT): 39 games (rounds≤3, skipped rows=0)
event Oy7wk1j7KOL9 (Goodbye to 10th Warhammer 40k): 27 games (rounds≤3, skipped rows=3)
event anGW62yBrMuX (Goblin Games & Hobby: Q2 - 40K 2K Tournament): 17 games (rounds≤3, skipped rows=1)
2026/07/20 11:29:54 skip event av7paf95lSUV (1000 pt 40k RTT. June 6th , 2026.): no pairings for first rounds — event may not have started
event cWcoE9OlNi2G (Battle For Brookfield Q2 2026): 18 games (rounds≤3, skipped rows=3)
event jilmj17cfDG2 (Battlegrounds Game Center - LoW End of 10th): 29 games (rounds≤3, skipped rows=0)
event lGb23LuOzn4W (Gideon Games RTT): 6 games (rounds≤3, skipped rows=0)
event qF1HT7BgnnIU (League Invitational): 18 games (rounds≤3, skipped rows=3)
2026/07/20 11:30:01 skip event sTuziem0C2Rc (Warhammer 40k Doubles event): no pairings for first rounds — event may not have started
2026/07/20 11:30:02 skip event tVkJLno0N2wY (Iron Wolf Games Warhammer 40k GT June 2026): no pairings for first rounds — event may not have started
event 2z7rQ251tHvu (Firefly Warhammer 40k June 2026): 25 games (rounds≤3, skipped rows=1)
2026/07/20 11:30:05 skip event IHnKUJQAwEpH (Wakanda Open II: Torneo del Crisol): no pairings for first rounds — event may not have started
event e3HrkMbdbfeS (Nexus Game Lounge Warhammer 40k RTT 6/6): 21 games (rounds≤3, skipped rows=0)
event GOzAWpGMHdhc (BVHG 2026 40K Invitational): 25 games (rounds≤6, skipped rows=2)
event N4SycZTWnACF (Kalispell Crusade GT): 100 games (rounds≤6, skipped rows=4)
2026/07/20 11:30:15 skip event ORyIjex00yh4 (Rooted in the Gateway Summer 2026): no pairings for first rounds — event may not have started
event Q6LuYWhwzRRQ (Chaos Games Farewell to 10th!): 25 games (rounds≤3, skipped rows=4)
event S8Aov9u0KqbO (Wakanda Open II: Armaggedon ): 24 games (rounds≤4, skipped rows=0)
event cWESyZcAMAGz (Top Tier Warhammer 40k RTT - June): 17 games (rounds≤3, skipped rows=2)
event jFvYcTsTkuei (10th Ed Last Dance RTT by Flip of a Coin Games): 15 games (rounds≤3, skipped rows=0)
event qBjgo24dYgLL (Farewell to 10th Edition 40k Tournament): 9 games (rounds≤3, skipped rows=0)
event rjXA4bhAFoLq (Warhammer in my fucking living room): 17 games (rounds≤3, skipped rows=1)
event uwioZk1O246u (Dragon Egg Games 40k RTT - June): 6 games (rounds≤3, skipped rows=0)
2026/07/20 11:30:26 skip event 1WJGbHA2myhi (Warhammer 40k Doubles June Tournament): no pairings for first rounds — event may not have started
event OXejLSxnte6V (Knight of Game's GT 6 Finale of 10th!): 20 games (rounds≤3, skipped rows=1)
event ZzNX91Ff86Hd (CollectorMania League Mock RTT): 21 games (rounds≤3, skipped rows=0)
event bCFVMGqEPgDY (Java's 10th Finale Team Weekend Event): 45 games (rounds≤5, skipped rows=0)
event A4DxhGtWR6kL (Torneo Perro bigoton 2026): 59 games (rounds≤5, skipped rows=2)
2026/07/20 11:30:38 skip event oQoWPgQjEtiM (Gopher Games Doubles RT June 6): no pairings for first rounds — event may not have started
event 7ZkbRcbFleYr (Gamer's Haven June RTT 2026): 34 games (rounds≤3, skipped rows=1)
event j42J00gONRqH (Shuffle and Cut Warhammer 40k Tournament (Last 10th Edition event!!!)): 13 games (rounds≤3, skipped rows=0)
event lhhiLERlbKPl (Digital Heroes Wargaming: June RTT): 6 games (rounds≤3, skipped rows=2)
event GAQ1MIQdhu1c (Traitors Of Kryndaer - 2000 Point Warhammer 40k Tournament): 15 games (rounds≤3, skipped rows=0)
event 4jNSdRX4LrmN (For The Win - 40K June Tournament): 6 games (rounds≤3, skipped rows=0)
event SXD0K2tOjfb7 (Warhammer 40K Combat Patrol - The Upkeep Games Howell): 12 games (rounds≤3, skipped rows=0)
event NLNZLUYvCeAu (Dalby - Escalation League 1000): 6 games (rounds≤2, skipped rows=2)
event JJQsNbGYk4ID (General Games Chirnside Combat Patrol Day - June 7th): 6 games (rounds≤3, skipped rows=3)
event RwAk5GKFHyqJ (NLWB Club League June): 16 games (rounds≤2, skipped rows=0)
event qhJeAVAlkaoy (1 quedada Wargames Moguer): 15 games (rounds≤3, skipped rows=0)
event 8zcNF5zFuPNQ (74. WH40K Masters of the Universe): 9 games (rounds≤3, skipped rows=0)
2026/07/20 11:30:55 skip event hQV6V8g8SmcG (Planetstrike 2026 - Doubles 40k): no pairings for first rounds — event may not have started
event WPOjBNyRr70M (🔥Napalm Hobbies 23 - FINAL EMBER - 40K - ETC - ITC): 27 games (rounds≤3, skipped rows=3)
event pzTa034O10qF (40K RTT @Versus Games): 24 games (rounds≤3, skipped rows=3)
event 6B9Papv5j2Pp (Hole in the Wall Hobbies June 2026 RTT): 41 games (rounds≤3, skipped rows=0)
event dAcbxBms9z2H (King of the Colosseum @ Bat City Games): 12 games (rounds≤3, skipped rows=0)
event r1g12Q3oW4bZ (Barnyard TTS League June): 31 games (rounds≤4, skipped rows=1)
event dWzgSEJ5CsvZ (Goodbye 10th Edition Tournament): 4 games (rounds≤3, skipped rows=2)
event i7igRijDqYeV (Republic Warhammer Season 12): 45 games (rounds≤6, skipped rows=0)
2026/07/20 11:31:10 skip event 7swY7G4FdVD4 (Battle Bunker (11th ED) RTT): no pairings for first rounds — event may not have started
2026/07/20 11:31:11 skip event HxnoL3uGlEVm (Wednesday Warfare - June): no pairings for first rounds — event may not have started
event v1ST33xT8RFy (Atlantic City Open 2026 - Warhammer 40k Champs): 262 games (rounds≤7, skipped rows=2)
event h8Dc99UxkkOo (Atlantic City Open 2026 - NTL 5's Team Finals): 400 games (rounds≤5, skipped rows=0)
2026/07/20 11:31:44 no games exported for j1AZgQq6AHcv (The Apocalypse at AdventureCon); skipped=0
event J8kUfEKy61IC (Behind Enemy Lines 2026): 105 games (rounds≤5, skipped rows=0)
event RQRzqrwwgXyr (Battle for Bathurst! 2K): 15 games (rounds≤3, skipped rows=0)
event Xo9VcAnyf6jf (Steel City Games RTT - June): 9 games (rounds≤3, skipped rows=0)
event enBbwqxFyQmD (Eternal War - Beyond Store Championship Round 3): 27 games (rounds≤3, skipped rows=1)
event EfOaj7ACg4Tx (War in Paradise GT): 30 games (rounds≤5, skipped rows=0)
2026/07/20 11:31:56 skip event py1FOIELY8VE (GREX Battle Brothers 2v2 June 2026): no pairings for first rounds — event may not have started
event GBSIZjY04ql8 (NexuS League. June): 12 games (rounds≤3, skipped rows=0)
event IP29hMoWnesm (XII GT SANTIAGO 2026): 296 games (rounds≤5, skipped rows=32)
event zG6ksA3r0ILW (Dutch Masters Summer Slam): 53 games (rounds≤5, skipped rows=0)
event adGx6lWxR3GQ (First Kortrijk Brawl): 33 games (rounds≤3, skipped rows=0)
event AU80VOJpEWWm (Hydra 40 Singles GT 2, 2026): 46 games (rounds≤5, skipped rows=4)
2026/07/20 11:32:21 skip event KboUGCjY57Wy (The last 10th edition tournament): no pairings for first rounds — event may not have started
event MPUSpF2EMkdZ (Miskolc Forge HB - 2026): 24 games (rounds≤4, skipped rows=0)
2026/07/20 11:32:24 skip event dhfex1f04bEC ([OE:S] Summer Doubles 2026): no pairings for first rounds — event may not have started
event rO9IaRr7Xhmd (Torneo Novatos Warhammer 40k): 18 games (rounds≤3, skipped rows=0)
event QNIuTFdg1Luy (D6 Games- The Cambridge Clash II): 30 games (rounds≤3, skipped rows=0)
event c4Yj5e87Mmbp (Atreus Cup - júniusi forduló): 12 games (rounds≤3, skipped rows=0)
event FsaYBvbDdSy3 (Gothic Games Canterbury: June RTT): 36 games (rounds≤3, skipped rows=2)
event HrPvQcWhvXwQ (40k Beginners Tournament June 13th): 27 games (rounds≤3, skipped rows=0)
event cy3tiin7xPD9 (Tournament 2: Siege of Solemnace): 30 games (rounds≤3, skipped rows=0)
2026/07/20 11:32:36 no games exported for jxGITBjyzTdU (Gridiron Gaming Presents "Return to the war world" - 40k Apocalypse!); skipped=0
event uYvwvJdrZ6CU (WAR MACHINE II): 33 games (rounds≤3, skipped rows=3)
event 7vBMQYVyYRwq (RAW! 2026): 44 games (rounds≤5, skipped rows=0)
2026/07/20 11:32:43 skip event eGkboy742M2H (The Warp - Summer Doubles): no pairings for first rounds — event may not have started
event fHq2Ikz6TMwT (Warpapalooza Beta @ Modular Worlds): 21 games (rounds≤3, skipped rows=0)
event iMBbr9ru8xr8 (Eternal Wrath 2026 - Two Day Warhammer 40,000 Tournament): 38 games (rounds≤5, skipped rows=3)
event DiAc3l5A4dHC (Fal-Con 2026: Fly Harder): 160 games (rounds≤5, skipped rows=2)
2026/07/20 11:32:57 skip event 2dbCm9KJK2yv (Infinite Games Chaotic Doubles): no pairings for first rounds — event may not have started
event MHoCDnkaXTh0 (Ludus Game Store - 40k WCW2026 Qualifier (Sabado)): 21 games (rounds≤3, skipped rows=0)
event An6Ke2Ke241h (Road to Armageddon League V): 12 games (rounds≤3, skipped rows=0)
event 3vpK9CNKKq9t (Elevensies 2026): 17 games (rounds≤3, skipped rows=2)
event HBfa8B1sx0b5 (June Recess 40k Tournament): 6 games (rounds≤3, skipped rows=0)
event M280DT6e5Dfu (House of Games Warhammer 40K Tourneyment 2000pts): 16 games (rounds≤3, skipped rows=2)
event aURiLx0ci79f (40k June Store Championship): 20 games (rounds≤3, skipped rows=1)
event lDQhnMyfOmeq (Warhammer 40k Norton Singles Event 10th edition): 9 games (rounds≤3, skipped rows=3)
2026/07/20 11:33:08 skip event vWM5hsj0YL2Q (Plasma Misfires Invitational): no pairings for first rounds — event may not have started
2026/07/20 11:33:09 skip event 2FS0P7LDt5mK (Port City Double Rumble June @ Misfit Games): no pairings for first rounds — event may not have started
event JULi3AodNPfx (Waaagh!fest 2026): 96 games (rounds≤3, skipped rows=0)
event wWKjPbE2AsuQ (TTK's JUN RTT [2026]): 12 games (rounds≤2, skipped rows=0)
event 8I9pLqs2p93g (Die Hard Try Hard Tournament): 12 games (rounds≤3, skipped rows=0)
2026/07/20 11:33:17 skip event C0n1doAwm9UE (WARHAMMER 40K DOUBLES!): no pairings for first rounds — event may not have started
event WG2Z4PVXAVl9 (Flipside Gaming 40k Monthly Event 06/13/2026): 10 games (rounds≤3, skipped rows=2)
event hGsSKn7TEZRu (Warhammer 40k 11th Ed - F*ck It, Do it Live RTT): 22 games (rounds≤3, skipped rows=2)
event qHDB4JrRhhiH (Warhammer 40K at Summer Smash): 74 games (rounds≤6, skipped rows=11)
2026/07/20 11:33:25 no games exported for wl9nsH1ZzpzJ (Doug and Dan's Oops All Warlords! 40K Duos Tournament); skipped=0
event xIGwSErBPrgC (June YHP Alexandria Warhammer 40K RTT): 33 games (rounds≤3, skipped rows=0)
event 2TiG84ENsonF (Old Guard - Grand Tournament): 71 games (rounds≤5, skipped rows=2)
2026/07/20 11:33:32 skip event 6XqfBXplu7nq (Nexus Game Lounge Wichita Falls Warhammer 40k Doubles Tournament 6/13): no pairings for first rounds — event may not have started
2026/07/20 11:33:33 skip event X8IPsHQOOd1v (Nexus Game Lounge Denton Warhammer 40k Doubles Tournament 6/13): no pairings for first rounds — event may not have started
event gcLo2yoUSwWE (D6 Damage 2026 June Warhammer 40k Event): 13 games (rounds≤3, skipped rows=2)
event wtzNnzexqXos (40K RTT ITC): 14 games (rounds≤3, skipped rows=2)
event 8u8CahQKckaz (Titan Games - June 2026 RTT): 15 games (rounds≤3, skipped rows=0)
event GBs86Iz6ZPmh (Warhammer 40k 1vs1 2000pts): 3 games (rounds≤2, skipped rows=5)
event GSdWqA8mIDYD (The Warlord's Crucible RTT at Battleground Collectibles): 17 games (rounds≤3, skipped rows=2)
event S1ni45IhVAgb (Turbulent Games 40K @BlackHillsCon): 63 games (rounds≤5, skipped rows=1)
event UMDiaMhRyfCn (June Warhammer 40,000 Rogue Trader Casual Tournament ): 8 games (rounds≤3, skipped rows=0)
event dJwKfCfUc7uh (Springs Thundercluckers June 2026 RTT Invitational): 34 games (rounds≤3, skipped rows=0)
2026/07/20 11:33:47 skip event efK0agMIFFeT (Off The Wall Doubles Tournament): no pairings for first rounds — event may not have started
2026/07/20 11:33:48 skip event hWcarNd7dBi0 (2v2 40k Tournament): no pairings for first rounds — event may not have started
2026/07/20 11:33:50 skip event zleDNUlis8KU (War Host's June Doubles RTT): no pairings for first rounds — event may not have started
event FZNhS6hNHEKq (Meadhammer KOTC RTT ): 24 games (rounds≤3, skipped rows=0)
event c71D81yPwupv (Hammertime: So Long Goodbye GT): 115 games (rounds≤5, skipped rows=5)
event t17aDy7yLnyT (WH40K - Slag Fest IV: Jess McCune Meorial Touranment): 15 games (rounds≤3, skipped rows=3)
2026/07/20 11:34:00 skip event YLWCvt7N6qqi (Level Up Gaming 40k Doubles Tournament 6/13/26): no pairings for first rounds — event may not have started
2026/07/20 11:34:01 skip event 0G8AQ1qYS3ap (June 2k Tournament): no pairings for first rounds — event may not have started
event BlU8Siuonidh (Battleshocked RTT): 15 games (rounds≤3, skipped rows=0)
event VDu6Ht4FPpye (Evo store Championship): 13 games (rounds≤3, skipped rows=2)
event aqOTWksu8LrA (Bonfire Games - Warhammer 40K ITC Tournament (June 13th)): 12 games (rounds≤3, skipped rows=2)
event mf1CPLYHuM9d (End of 10th Ed League Final): 6 games (rounds≤3, skipped rows=0)
2026/07/20 11:34:07 skip event zr3Ayv8klCx9 (Tri-City Takedown June 2026): no pairings for first rounds — event may not have started
event FmJFmPYsxYpl (The Base torneo de primavera 2026): 20 games (rounds≤3, skipped rows=3)
2026/07/20 11:34:10 skip event faiDQXTR85Ri (Warhammer 40k 10th edition 1k league June): no pairings for first rounds — event may not have started
event 0lCj9J3qQRsM (Good Games Newcastle - Warhammer 40K - Singles Tournament June): 12 games (rounds≤3, skipped rows=0)
2026/07/20 11:34:12 no games exported for MoxfqEkS11mJ (BOBAHAMMER); skipped=0
event TYZnpEu6vZc2 (HAMMERFEST at TOYCON X): 32 games (rounds≤4, skipped rows=0)
event 7BylfUu03HS1 (Dark Star Gaming ASYMMETRIC 1.5k Tournament): 15 games (rounds≤3, skipped rows=0)
event b9lsvgTj04AL (Warhammer 40k - Junio): 12 games (rounds≤3, skipped rows=3)
event numiAlcR7uYR (Ulrikova desítka 5. turnaj 2026): 21 games (rounds≤3, skipped rows=0)
event PSbVpR562coC (Black Tower Wargaming June Warhammer 40k RTT): 21 games (rounds≤3, skipped rows=0)
2026/07/20 11:34:21 skip event C9WNxh5uAnZF (Bugle Bash Bros 4 : Warhammer 40k Doubles): no pairings for first rounds — event may not have started
event mlysCHd7NxOs (Winchester 40K RTT - June 2026): 58 games (rounds≤3, skipped rows=3)
2026/07/20 11:34:25 skip event OpEbHubkf89n (WGS| Warhammer 40,000 RTT Sunday 14th June): no pairings for first rounds — event may not have started
event dL6zbFQLEsLk (Lord of War 40k 2000pts Event): 6 games (rounds≤2, skipped rows=1)
event flVFkCy4lIAM (Ludus Game Store - 40k WCW2026 Qualifier (Domingo)): 21 games (rounds≤3, skipped rows=0)
event m2hJKAUFV5Xx (Warhammer 40K Beginner's 1K RTT at The Upkeep Games Canton): 18 games (rounds≤3, skipped rows=2)
2026/07/20 11:34:30 skip event 3SuH5Vm1Rl1A (40k Monthly Tournament): no pairings for first rounds — event may not have started
event e0s1N4WzyhYN (Second City Games June 40K RTT - Legends of 10th): 15 games (rounds≤3, skipped rows=1)
event BDmQWfc9uyXf (Colosseum Games 40k 2,000 Point Tournament 10th Edition Trazyn's Colosseum 1): 12 games (rounds≤3, skipped rows=0)
event 6uX3FCsghRmr (Githammer Club Member Event): 9 games (rounds≤2, skipped rows=0)
event Ip81kMUoNYNK (MAD 40k RTT 06.14.2026): 26 games (rounds≤3, skipped rows=0)
event 5GqZGqbAI0UQ (Ludus Game Store - 40k WCW2026 Qualifier Finals): 7 games (rounds≤3, skipped rows=0)
2026/07/20 11:34:38 no games exported for Rt7pstR5Ssu5 (Grimdark Breakdown 11th Escalation League); skipped=35
2026/07/20 11:34:39 no games exported for 3HAHqM1277Vb (Warhammer Hobby Summer Camp); skipped=2
event tuz8YgBqEBAg (Baja Legion 11th Kickoff League): 2 games (rounds≤2, skipped rows=1)
event BTUCy6zWJXJ3 (Young Blood Tournament): 2 games (rounds≤2, skipped rows=2)
2026/07/20 11:34:41 skip event 8q0r0PjrfGuV (Warm up 11 Test): event 8q0r0PjrfGuV: numberOfRounds=0 currentRound=0
2026/07/20 11:34:42 no games exported for tKLGZCti4cbY (06/17/2026); skipped=0
event TAFxfGDilSlp (Summer '26 Cult League): 40 games (rounds≤4, skipped rows=4)
event w7BoL4ngV8El (11th Season 1 Tournament 1): 33 games (rounds≤4, skipped rows=2)
event elD9P14kIKib (Grotcon Invitational): 9 games (rounds≤3, skipped rows=0)
2026/07/20 11:34:50 skip event wa5SdcWvHjAx (Yeti Con Narrative Event): no pairings for first rounds — event may not have started
event NlgGvkr7tIBe (River Ridge Junior Open): 12 games (rounds≤3, skipped rows=2)
event AYwLUO60L4lC (WH 40k 10e Tournament Singleton): 26 games (rounds≤3, skipped rows=0)
event 03vS2YVHP9hd (1st Aotearoa TTS 11th League): 19 games (rounds≤4, skipped rows=1)
event Co0WNJOJ37p5 (Warhammer 40,000: Edmonton Open 2026): 951 games (rounds≤8, skipped rows=34)
2026/07/20 11:35:35 no games exported for YeHk0fk0QQ2G (Auspicious Convergence Warfront); skipped=0
event ZPvdy0mrfu1Y (Victorian Team Championship '26): 180 games (rounds≤5, skipped rows=0)
event ebTgPNXe575p (Turbulent Warhammer 40K 11th Release Tournament): 40 games (rounds≤3, skipped rows=0)
event A9KjJKBxVHgY (20Jun26 EoE Tournament): 33 games (rounds≤3, skipped rows=0)
event s1Eqv97j0HBP (Shanghai Team Championship 2026): 188 games (rounds≤4, skipped rows=4)
event GxIvnrh5R5j5 (Crewcible Of Battle Finale): 12 games (rounds≤3, skipped rows=0)
event 5Yp3l9ybqjz5 (First League du Sous-sol): 16 games (rounds≤2, skipped rows=0)
2026/07/20 11:35:58 skip event 60y7En8YOz2I (First League du Sous-sol): no pairings for first rounds — event may not have started
event osN1B8vOdXIr (Bizkaia Open III): 12 games (rounds≤3, skipped rows=0)
event ru0Ef1ltzojQ (HolyWar circle June 2026): 9 games (rounds≤3, skipped rows=0)
event 5wtwH95LGCyF (Gemini Grimwar Debrecen 2025 10. kiadás záró): 30 games (rounds≤3, skipped rows=0)
2026/07/20 11:36:04 skip event I3ZovxlNCGfz (Alea Legio - Battle of the Coast - 40k Doubles): no pairings for first rounds — event may not have started
event h1y6cERGOAGo (11th Release Day Beerhammer): 21 games (rounds≤3, skipped rows=1)
event s8YBwpGjJ52t (Legio Intermeratus - Gentlemen Tournament Bye Bye 10th Edition): 15 games (rounds≤3, skipped rows=0)
event SyQz0IUJKPon (WARHAMMER 40K 11th  – FUN & FRIENDLY): 6 games (rounds≤3, skipped rows=2)
event m931DV2z7k2o (MMG: 40K RTT JUNE 2026): 26 games (rounds≤3, skipped rows=1)
2026/07/20 11:36:11 skip event sRH2O1rLex30 (True North DOUBLES RTT - 20th June 2026): no pairings for first rounds — event may not have started
event PUI0ND5GpaDs (Battle of Boltstorm armageddon): 24 games (rounds≤3, skipped rows=0)
event 5tY8j6gqJ1Sr (Shark Games Liga W40k Neófitos): 13 games (rounds≤2, skipped rows=11)
2026/07/20 11:36:15 skip event CM1LGX6R9bu7 (Out of the Furnace Doubles 2026): no pairings for first rounds — event may not have started
event N9OZTP5FQ7hN (Black Crow Gaming's Battle of the RAGNAR GT! June): 51 games (rounds≤5, skipped rows=3)
event TL2qggnIRpMv (Rising Phoenix Games - June): 24 games (rounds≤3, skipped rows=0)
event Uscnix9g5z7R (WVLF Den 2026 Summer): 27 games (rounds≤3, skipped rows=0)
2026/07/20 11:36:23 skip event aoS6pY7GuPPS (War Room Doubles tournament): no pairings for first rounds — event may not have started
event kBO57jK7C8Fc (Just Games - 40k  Q2 Tournament): 8 games (rounds≤2, skipped rows=0)
event rJ7neWQz6z95 (WH40k event - Boltgun Tactics RTT June2026, hosted by Battleground UK): 18 games (rounds≤3, skipped rows=0)
event vy58VqhhQyhw (Torneio Mensal - A Resistencia - Junho 2026): 14 games (rounds≤3, skipped rows=3)
event zcnF5Oiq4H4k (THE LEEDS TEAMS TOURNAMENT - JUNE 2026): 150 games (rounds≤5, skipped rows=0)
event vcxykq9wDiBe (Q-CON 2026 - Warhammer 40K Tournament): 36 games (rounds≤3, skipped rows=0)
event NkEHzAsPc2Hm (Trastero Mágico 40k (XXXIV Torneo) - Kanarian Open): 15 games (rounds≤3, skipped rows=0)
2026/07/20 11:36:38 skip event QT2Zqyx5WyZj (Warhammer 40k 2k League): no pairings for first rounds — event may not have started
event ae6uY5OnUtch (Warhammer Skulls): 3 games (rounds≤3, skipped rows=0)
event NcMiqC69OqMQ (Big Bully Boys Battle Royale): 28 games (rounds≤4, skipped rows=0)
2026/07/20 11:36:42 skip event l6z9wjfdDzzR ([CANCELLED] Warhammer 40K Doubles Event at the Upkeep Games Ann Arbor): no pairings for first rounds — event may not have started
event 9LIu2xjPOWca (June 2026 Crossroads 40k RTT): 18 games (rounds≤2, skipped rows=0)
event NyQ2hw7xLMS7 (Warhammer 40k Good Bye 10th edition): 4 games (rounds≤3, skipped rows=0)
event OFKRHLMd5sJ1 (WarGamesCon 16 Warhammer 40K 5 Player Team Event): 150 games (rounds≤4, skipped rows=0)
event lTy0czkGQJQl (Dark Crusade $1000 Invitational Championship): 19 games (rounds≤3, skipped rows=0)
event JQXUuwdV3Jyg (WarGamesCon 16 Warhammer 40K Championship GT): 125 games (rounds≤5, skipped rows=0)
event Ut7fE8uxEdos (Bazooka Games - June 2k 40k Event): 14 games (rounds≤3, skipped rows=1)
event 7C1xdXspyLnh (Nerd Store RTT): 9 games (rounds≤3, skipped rows=3)
event 0JLhQDrEnlvl (Fight Night. World War 11th): 13 games (rounds≤3, skipped rows=5)
event 2Kq1IDJFJzTf (War Room Slow Grow Wrap Event): 18 games (rounds≤3, skipped rows=0)
event 8xetfHPAPUOU (PERSEPHONE RTT 40K GRAND OPENING): 32 games (rounds≤3, skipped rows=1)
event MenFsQhos73L (40k Store Tournament): 4 games (rounds≤2, skipped rows=2)
event Q294j7rsCB7P (Strikeforce Tournament 1750 Saturday June 20th, 2026): 20 games (rounds≤3, skipped rows=1)
event REvPYZpGDU86 (DCGG Farewell to 10th Tournament): 12 games (rounds≤3, skipped rows=0)
event SSoYRKcoKxE7 (Golden Ticket WH40K Chile): 25 games (rounds≤4, skipped rows=6)
event VHlSHRQwYslg (Hobby Hole June RTT): 12 games (rounds≤3, skipped rows=1)
event X9sb4g7fNDKj (SECT Wargaming League- Season 9): 80 games (rounds≤5, skipped rows=0)
event aTYujPOSg1it (WELCOME TO 11TH -- Webway Games June RTT ): 24 games (rounds≤3, skipped rows=2)
event f8ovVJDf3fba (Monthly Tourney): 18 games (rounds≤3, skipped rows=0)
event od7YievmldyL (CM Games Cedar Bluff 2k Points 40k Tournament - June 2026): 15 games (rounds≤3, skipped rows=3)
2026/07/20 11:37:22 skip event qoHQV1rrYlRq (JUNE 2026 Event (2000)): no pairings for first rounds — event may not have started
event yyClSJEsYjMg (CW 40k at ISO Games! June 20th 11th Edition Kickoff!): 38 games (rounds≤3, skipped rows=0)
event FuzUfn4rE00U (WARHAMMER 40,000 - 11th Ed RTT): 30 games (rounds≤3, skipped rows=3)
event T20yPfh5tWKL (Born 2 Game June 2026 RTT): 19 games (rounds≤3, skipped rows=1)
event rvLGhS4Jo1uB (Major Warfare: Road to Nova): 61 games (rounds≤5, skipped rows=0)
event 4jV66TXtgODf (2nd Annual Rogue City Rumble GT): 30 games (rounds≤5, skipped rows=4)
event 8HNRUoBIYPSa (Rogues Realm & Rusty Scabbard Warhammer 40,000: 11th Edition Practice Singles): 7 games (rounds≤2, skipped rows=0)
event Fm1thC54bDBj (Play On Tabletop Warhammer 40,000 Narrative Event): 238 games (rounds≤4, skipped rows=16)
event HqZps2RImmmH (CGC 2K League Unofficial S1): 6 games (rounds≤2, skipped rows=4)
event rk7zXeB8LLYO (Frozen North League – Season 25, Pod2): 21 games (rounds≤3, skipped rows=0)
event v5ibygBpn6I8 (Frozen North League – Season 25, Pod1): 30 games (rounds≤3, skipped rows=3)
event TuSRzqkQKzw0 (Rook's Warhammer 40k 11th Ed Launch Party): 20 games (rounds≤3, skipped rows=2)
event zZn4zuQjIn6w (Aegis Games Warhammer 40K RTT Series, 11th Edition Launch!): 34 games (rounds≤3, skipped rows=1)
event ZzgF9IO5UzlN (Dicehammer June 40k 11th Event #1 (2 Rounds)): 13 games (rounds≤2, skipped rows=1)
2026/07/20 11:37:57 skip event 0xG05Sr0F4ty (06-20-2026 WARHAMMER COMPETITIVE EVENT): no pairings for first rounds — event may not have started
event AiWjYam6Louw (SLOCO 40k League 10th Ed Champions Tournament): 12 games (rounds≤3, skipped rows=0)
event IsBMlnMj3euO (Summercon 40k Open 11th Gold Ticket): 50 games (rounds≤5, skipped rows=8)
2026/07/20 11:38:02 no games exported for KppP1FwkHZaw (11th Edition Build-and-Battle!); skipped=0
event PsvPy0K8YywI (K.O.C TOURNAMENT series 3): 4 games (rounds≤2, skipped rows=0)
event X6zAlag01Cfq (WH40k 1k 11th edition, 3 game event @ Green Tower Games): 14 games (rounds≤3, skipped rows=1)
event YFJPUca9WdtD (Birthmas Bash at Hobby Forge): 11 games (rounds≤3, skipped rows=4)
2026/07/20 11:38:06 no games exported for YsOUb4Bbj985 (Sunhammer 2026!); skipped=0
event bD1S4DzfBG4U (11th ed learn to play league): 31 games (rounds≤2, skipped rows=1)
2026/07/20 11:38:09 no games exported for PYzftXlBbm9B (Women's W40k Battle @ Esio); skipped=3
2026/07/20 11:38:10 skip event FzFPyVu2VXA1 (Paradox Escalation League): no pairings for first rounds — event may not have started
2026/07/20 11:38:11 no games exported for 4ExL6np7GtSb (Warhammer Singles - Learn to 11th); skipped=0
event DZVwY16rZyIG (Plastic and Tactics Nationals Qualifier): 24 games (rounds≤3, skipped rows=0)
event 0yjD1KCejV3t (Peacehammer Open League): 7 games (rounds≤2, skipped rows=3)
event AuCdPzxFAPAI (Rapid ingress tournament): 8 games (rounds≤2, skipped rows=0)
event VG8DwgVk8wHd (Torneo Warmup Junio 2026 11th): 9 games (rounds≤3, skipped rows=3)
event t38WP5sYL7mn (11th Edition Kickoff League): 36 games (rounds≤3, skipped rows=17)
event 0ZbIYRpZECOG (Warmaster GT ITA - Finals 2026): 7 games (rounds≤3, skipped rows=0)
event FbRrUiBeiPX7 (Warmaster Warhammer 40k Taranto): 15 games (rounds≤3, skipped rows=0)
event eDtLnbnSwk48 (Primer Torneo 11TH - Wargames Granada): 18 games (rounds≤3, skipped rows=0)
event OHvT0pBXg6Eq (Store Championship): 18 games (rounds≤3, skipped rows=0)
2026/07/20 11:38:25 skip event 0x7XUi9597sD (40k of Destiny League): no pairings for first rounds — event may not have started
2026/07/20 11:38:26 skip event HHBMjk37ySte (Secondo Evento narrativo D20): no pairings for first rounds — event may not have started
event SE9WSMPSZ3As (LeNDület Kupa Plusz 2026 június): 15 games (rounds≤3, skipped rows=0)
event 0RQtoUt95TQk (Hobby Henchmen 11th Release RTT): 27 games (rounds≤3, skipped rows=2)
event 4omVOWiKTX2n (33rd Warphammer Tournament): 12 games (rounds≤3, skipped rows=0)
event EWq2XAVHiXfh (The War For Kirkcaldus): 18 games (rounds≤3, skipped rows=0)
event hLzO1QCDrwA8 (Road to Armageddon League VI): 9 games (rounds≤3, skipped rows=3)
event 5ZCFS1hogBJN (THE GREAT SLAUGHTER! A Warhammer 40k Tournament): 12 games (rounds≤3, skipped rows=0)
2026/07/20 11:38:35 no games exported for GCstBQE4moUg (Q-CON 2026 - Siege of Ironheart Forge - Warhammer 40k Apocalypse Event); skipped=0
2026/07/20 11:38:36 no games exported for oL7ZU4S08F36 (2026 40k Doubles League); skipped=0
event lhmqAOKj1qGY (2K 40K - 10th Edtion Tournament): 17 games (rounds≤3, skipped rows=1)
2026/07/20 11:38:38 skip event v0Vs2dPoFvlg (Card Brawlers X Slugfest): no pairings for first rounds — event may not have started
event 2uhF3jbROJOJ (June Warhammer 40K Tournament): 4 games (rounds≤2, skipped rows=0)
event MROhgWbCEsiT (Warvel 40K 10th edition: La Última Batalla): 12 games (rounds≤3, skipped rows=0)
event Q7DE43tz5ZB8 (Battle for the Bay | Armada Games 11TH LAUNCH RTT!): 13 games (rounds≤3, skipped rows=4)
event exR9O7C3B6O2 (Crimson Lion 11th edition Debut ITC RTT): 30 games (rounds≤3, skipped rows=2)
event lkh4vfqyF2BK (Warren Wizards June Tournament Welcome To 11th Edition!): 8 games (rounds≤3, skipped rows=0)
2026/07/20 11:38:46 skip event xnvsVSy0vmMr (Biffed It Invitational): no pairings for first rounds — event may not have started
event 4q5DhTCXeI9O (GarageHammer June RTT): 9 games (rounds≤3, skipped rows=1)
event 86OhmHx4UBcX (GITHAMMER JUNE RTT): 16 games (rounds≤2, skipped rows=0)
event MlukKT78DtHF (Aegis Games Competitive League): 12 games (rounds≤3, skipped rows=6)
event U0J2yEWoWbvK (Aegis Games Warhammer 40,000 Narrative Escalation League): 21 games (rounds≤3, skipped rows=12)
event 4z6ZklWqbpIU (División 1 Liga 2D6 Store (Round 3)): 10 games (rounds≤3, skipped rows=5)
event L0bIgR2faXNQ (Shark Games Liga W40k  Advance): 8 games (rounds≤2, skipped rows=8)
event 820izfcNMrZB (Rustbelt Wargaming In-House TTS League: Season 3): 14 games (rounds≤3, skipped rows=7)
event BdUBl0Idj667 (Turbulent Games Warhammer 40K League Slow Grow): 52 games (rounds≤5, skipped rows=18)
event YRmKKzghpH0W (Turbulent Games Warhammer 40K 2000pt 11th Edition Launch League): 43 games (rounds≤5, skipped rows=18)
event zgFD9eicFSp0 (Warp Warriors 11th EDITION): 37 games (rounds≤3, skipped rows=6)
event hVjaUHLlIB2k (Chilli Civil War): 7 games (rounds≤2, skipped rows=3)
2026/07/20 11:39:08 skip event NUY6SMaD4Plj (Warhammer 40k 11th Edition LTP (8/12)): no pairings for first rounds — event may not have started
event qveyLUQHukEl (Ex FELIX HAMMER 26): 12 games (rounds≤3, skipped rows=0)
event Zd44MxwBkVnX (Warhammer club): 8 games (rounds≤5, skipped rows=8)
event fR9M3SYgbamG (Skull Crusher 2026): 25 games (rounds≤5, skipped rows=0)
2026/07/20 11:39:13 skip event rHl5ux0VyPlg (Test Mini Tournament): no pairings for first rounds — event may not have started
event x4kKevW6m5WK (N24 40k 11th Ed ITC League #1): 14 games (rounds≤3, skipped rows=7)
event eSkgbME4ISQ9 (FRIDAY THROWDOWN INVITATIONAL - 26TH JUNE): 15 games (rounds≤3, skipped rows=0)
event nfylOlfUIhZX (RCM: Summer Skirmish 2026): 36 games (rounds≤4, skipped rows=15)
event 4KicNKZTrLao (III Liga Warhammer 40k  Midgar): 12 games (rounds≤2, skipped rows=6)
2026/07/20 11:39:21 skip event SBxkbIxgT3Ry (Kingsley Field AFGL Tournament): event SBxkbIxgT3Ry: numberOfRounds=0 currentRound=1
event fs3KRoofbZr6 (Forge of War Escalation League): 9 games (rounds≤2, skipped rows=4)
event zKXKOH4VeCt9 (Rat Trader Tournament 36): 27 games (rounds≤3, skipped rows=3)
event NRaxfH3bjbWa (Dragon's Lair Presents June SA40k Circuit Open): 47 games (rounds≤3, skipped rows=1)
event 2jCzyGinKV91 (11th EDITION MAITLAND 2000pt Warhammer 40k Tournament): 14 games (rounds≤3, skipped rows=0)
event EpgLIy6ekTAM (2026 Grim Series 5): 38 games (rounds≤4, skipped rows=3)
event 58smmyxymWCy (1st Shepherd's Cup Invitational): 14 games (rounds≤2, skipped rows=0)
event fLx1kKepOmcF (Escalation League): 6 games (rounds≤2, skipped rows=0)
event 2AFsEO00OzOv (PATH TO WARMASTER RTT!): 12 games (rounds≤3, skipped rows=0)
event 62436e6ZhlCG (THE IRON CRUSADE - UKTC - IRONMAN - RTT): 40 games (rounds≤5, skipped rows=0)
event Ac6HDVx6EfxT (43º Torneo 40K   CRIPTA DE LOS HÉROES (27 Junio) - Circuito 2026): 16 games (rounds≤2, skipped rows=0)
event QcNoyeKzBCNE (Warhammer 40K 11th Games Day): 39 games (rounds≤3, skipped rows=3)
event TnhXec5Bswd4 (II Iberian Open La Rioja): 83 games (rounds≤5, skipped rows=0)
event WrlKh1zB99HT (40K 11th ed- 3plus Six Pack): 34 games (rounds≤3, skipped rows=8)
event aylKyGFt5O6C (Torneo della Torre - WH40k #2 - 2026): 36 games (rounds≤3, skipped rows=0)
event dTOSquTvay5L (12. Almost Decent Tournament - Singles): 41 games (rounds≤3, skipped rows=1)
event pPb53mmWAZ0d (Torneo Sabado 27 en 2d6 Store): 15 games (rounds≤3, skipped rows=0)
event 2lh3SGQmsi1L (The Scouring 2026): 9 games (rounds≤3, skipped rows=0)
event 4R30ktWmh57B (BGUK Shadows In The Warp 4 person Teams Tournament! (UKTC ranked tournament)): 64 games (rounds≤3, skipped rows=8)
event UF5UoJFxlHuY (Kremper Warhammer-Bash IV): 10 games (rounds≤2, skipped rows=0)
2026/07/20 11:39:59 skip event zNcKN9D6rN5L (Gentle BonkHammer v1): no pairings for first rounds — event may not have started
event 1GcZYiNmL0fA (Battlefield Ratisbona 2026/06): 33 games (rounds≤3, skipped rows=0)
event G1uZU3ncYOOJ (Warhammer 40k Rubikon League červen 26): 30 games (rounds≤3, skipped rows=0)
event NLsTXyaMPtNH (New Dawn GT 2026): 30 games (rounds≤5, skipped rows=0)
event Ai9jrdQCbioF (Warhammer 40K RTT 11th Edition): 33 games (rounds≤3, skipped rows=0)
event Etpldsz7IKR3 (AdR Lega del Warp FINAL): 24 games (rounds≤3, skipped rows=0)
event KiPHWzYZZ80O (Welcome 11th edition, Norsehammer RTT): 18 games (rounds≤3, skipped rows=0)
event jZJaW2CVRApa (Copenhagen Chainsword GT III): 35 games (rounds≤5, skipped rows=0)
event pQNrdmy3vRhd (Marquee Models 1,000 Point Tournament): 12 games (rounds≤3, skipped rows=0)
2026/07/20 11:40:16 skip event ugAzImfdr6WT (Clubhouse Warfare#2): no pairings for first rounds — event may not have started
event FBl0BjGfGLWo (WH40K SWC: Qualifier 4 - June): 75 games (rounds≤5, skipped rows=0)
event MxS3DnIkMXlV (SIEGE OF MEDUSA RTT - Warhammer 40,000 Event): 24 games (rounds≤3, skipped rows=0)
event RBGn6upRWAEQ (Tides of War 8: 1k Singles - 11th Edition): 21 games (rounds≤3, skipped rows=0)
event S4LDGSRT1S5o (XXI torneo 40k Tech&Games): 21 games (rounds≤3, skipped rows=0)
event TlkGXgSSjAxx (Incursion Events 40K 5 Player Teams GT 27-28/06/2026): 75 games (rounds≤5, skipped rows=0)
event wSwBSUuarP9n (The Kelpie Cup #8): 12 games (rounds≤3, skipped rows=0)
2026/07/20 11:40:31 no games exported for 3j7eXzdo0RqJ (Gamesday 40,000 - 27 de junho); skipped=0
event U61TodZRVl8R (Warhammer 40k): 1 games (rounds≤1, skipped rows=0)
event 0DJf6CEx4dzo (Grumpy Pony Masters League 2026 - Round 5): 12 games (rounds≤3, skipped rows=0)
event 1B6rcCvGNJR1 (HFX Games: 40K 2026 - June): 30 games (rounds≤3, skipped rows=0)
event b3mZ5UzD8j7j (War in the Caribbean VI): 23 games (rounds≤3, skipped rows=1)
event W29lFq0Wxsx7 (Warhammer 40K 2026 Invitational @XPG): 13 games (rounds≤4, skipped rows=2)
event vCt2mPh65Y20 (Trinity Hobby - RTT 11th 2000pts 40k Tournament - June 27th): 35 games (rounds≤3, skipped rows=0)
event WV9mLPdwn67V (Road to Armageddon League VII): 12 games (rounds≤3, skipped rows=0)
event OFamCffqBFQ0 (Indy Open GT 2026: 11th Ed 40k): 73 games (rounds≤5, skipped rows=3)
event 4bjFgxQrCwO7 (Alternate Universes June Warhammer Tournament): 41 games (rounds≤3, skipped rows=0)
event 53jjoyLXxXLz (Battle For The Capital GT 2026): 120 games (rounds≤5, skipped rows=2)
event A1RogNd2IFsz (Meta Games June RTT): 29 games (rounds≤3, skipped rows=2)
event EGSZwRtzyCML (June Dragon Fall Qualifier): 21 games (rounds≤3, skipped rows=0)
event 5oNZTS2YynK0 (2000 pt 40k RTT June 27th, 2026. ): 49 games (rounds≤3, skipped rows=0)
event p1jQajEUoRyn (Warhammer 40k 11th Edition Launch Play-Day): 15 games (rounds≤2, skipped rows=1)
event tDa6KdVNc8jf (11th Edition Learning Event  @ The Art Store): 17 games (rounds≤2, skipped rows=0)
event 66p2QGpm21Hp (Scorched Earth 2026 RTT): 9 games (rounds≤2, skipped rows=1)
event CAu5B7tDTdLU (Haz 1s 11th Edition League): 11 games (rounds≤2, skipped rows=5)
event Hkrkqh4ghYL2 (Hellpit Grand Tournament 2026): 81 games (rounds≤5, skipped rows=0)
event PTHgCXlvrPO8 (Toy Soldier Games 1000pt 40K :: 11th Edition!): 18 games (rounds≤3, skipped rows=0)
event UlarWwvGkot6 (Mindgames 11th ED June '26 RTT - ITC / LMC): 27 games (rounds≤3, skipped rows=3)
event cOK7m31QgNuE (40K Grand Slam!): 18 games (rounds≤3, skipped rows=0)
event cP2wOvjcEBo4 (Warhammer 40,000 11th Ed RTT): 15 games (rounds≤3, skipped rows=3)
event fFWJ269P6wmz (TJ Cafe & Games 11th Edition Day!): 19 games (rounds≤3, skipped rows=1)
event gJqZaiZSkknF (Wyvern Wargaming - July League): 68 games (rounds≤4, skipped rows=26)
event id8YMjVd8fXl (GUTI - Icehammer Throwdown - Jun 2026): 55 games (rounds≤3, skipped rows=2)
event k9OdE6cR9Jio (Boltermore TTS League 11th edition): 18 games (rounds≤2, skipped rows=13)
event mPG8LjXbz07t (Warp Storm Radio - Online TTS League): 18 games (rounds≤3, skipped rows=6)
2026/07/20 11:41:29 skip event xDfg2FIyhGz7 (Warhammer 40k - Wargaming.cl GT): no pairings for first rounds — event may not have started
event zxc7RJfRfFzx (TBZ Warhammer 40k 2k RTT @ TooManyGames 2026!): 18 games (rounds≤3, skipped rows=3)
event JVahN4bTAREJ (Wyohammer June RTT): 27 games (rounds≤3, skipped rows=0)
event AtrPLFAPYFXK (Second City Games Anniversary GT June 2026 ( 11th ed)): 100 games (rounds≤5, skipped rows=4)
event NGRzTY5LBVzc (Rusty Scabbard and Rogues Realm Singles Tournament): 30 games (rounds≤3, skipped rows=2)
event NYa99C0g9kS5 (Lords of War June 2026 RTT): 39 games (rounds≤3, skipped rows=0)
event hIjj6tMrYchY (27 June 2026 - OWN's Onslaught RTT at Primal Nerds): 45 games (rounds≤3, skipped rows=2)
event iSNajd0BZnFT (June 2026 Bismarck RTT): 17 games (rounds≤3, skipped rows=3)
event 5y7wiWh4LS8Z (Twisted Games June Rtt): 35 games (rounds≤3, skipped rows=1)
event RTFF7TBob7RX (Krumpin Time RTT (11th Edition)): 12 games (rounds≤3, skipped rows=1)
event czYZRNyM2RNx (Torneo Golden Flexo 2026): 73 games (rounds≤5, skipped rows=0)
event eZ5AdHezaBLU (RBBR June 2026 RTT): 12 games (rounds≤3, skipped rows=0)
2026/07/20 11:41:58 skip event lIFg2oOnyFyE (Haha Anime Quarterly League 6-9): no pairings for first rounds — event may not have started
event xg8vgwgjFnKE (RTI 2026  11th League): 11 games (rounds≤1, skipped rows=8)
event zdMcGXY0eGot (Warhammer 40k RTT): 15 games (rounds≤3, skipped rows=1)
event 417S0WrAZ49y (Angola Area 40k 11e Escalation League): 6 games (rounds≤2, skipped rows=2)
event 6dfHZV1PagNN (Heroes Cup Teams - Warhammer 40K): 375 games (rounds≤5, skipped rows=26)
2026/07/20 11:42:20 no games exported for IGYPSQpWJJfA (Nexus June RTT 2026); skipped=2
2026/07/20 11:42:21 skip event mocCIAEq5a2G (Warhammer 40k 11th Edition LTP (10/12)): no pairings for first rounds — event may not have started
event RY1LDjhEb3f3 (11th Teams Tournament: June Trench Trial): 100 games (rounds≤5, skipped rows=0)
event lssBH72N0cAA (Dicehammer Collective June 40k Event #2 (2 Rounds)): 14 games (rounds≤2, skipped rows=0)
event ylNdQZgVGhiE (Contest of Champions #3): 14 games (rounds≤3, skipped rows=1)
event 1PXGYsuWXdEm (WH 40k - Slow Grow 1500pts @ Green Tower Games): 4 games (rounds≤2, skipped rows=0)
event 8s9KOQeLMLsZ (MAD Warhammer 40k 11th Edition RTT 06.27.2026): 15 games (rounds≤3, skipped rows=0)
event O5RfQI9JJwG4 (Nocturnidad y Alevosía 2026-06): 3 games (rounds≤1, skipped rows=1)
event Vj2K8bHH4nBF (11th Summer League Slam Jam): 15 games (rounds≤3, skipped rows=0)
event k83dBk0XnVTM (Windfall Games June 11th Ed RTT): 15 games (rounds≤3, skipped rows=0)
event pTDfmTcGJhvN (The PNW Warlord's TACOMA OPEN PREP GT): 52 games (rounds≤5, skipped rows=1)
event w4tPzF7zaH7E (Treasure Trove Games - Warhammer 40k Cherry City GT 2026): 76 games (rounds≤5, skipped rows=1)
2026/07/20 11:42:41 no games exported for g8vL4LJyi6h8 (Odyssey Games 11th Edition RTT); skipped=4
event WQ2GnPfuX9Zf (ITC Chapter Approved 2/27): 23 games (rounds≤3, skipped rows=1)
2026/07/20 11:42:44 no games exported for UYgjoybQMnzL (Warhammer 40k blitz tournament); skipped=0
2026/07/20 11:42:45 no games exported for pGs2QyOKyvId (Warhammer 40K Tournament); skipped=0
event HzAXzTBP4Kat (Mind Goblins League 1): 5 games (rounds≤2, skipped rows=5)
event MIQ1xtKVy8ID (Chirnside Park Monthly Warhammer 40k Tournament - June 28th '26): 30 games (rounds≤3, skipped rows=0)
event 4fGMp9NWrzn6 (Dawn of 11th Edition! 500pt Tournament): 1 games (rounds≤1, skipped rows=1)
event imRddHQf2BBv (MINI tournament Ranking on June 2026): 6 games (rounds≤3, skipped rows=3)
event BNO7li8DwsI6 (Triple Cities/RWGC TTS Season 2, League 1, New Beginnings): 27 games (rounds≤2, skipped rows=13)
event fcwLzvSN2f6e (Wardice RTT Charlie): 30 games (rounds≤3, skipped rows=0)
event 4Qxa1wD6doyc (Lords of Aros 2026 #2 - 11th hype): 30 games (rounds≤3, skipped rows=0)
event RjQTUmTDzpOu (Dark Age, Warhammer 11th): 12 games (rounds≤3, skipped rows=0)
event TiG58dn9YJtO (Torneo Junio 40k en 2d6 Store): 48 games (rounds≤3, skipped rows=0)
event j2blv760qfrA (LeNDület Kupa VI 2026 június): 14 games (rounds≤2, skipped rows=0)
2026/07/20 11:43:02 skip event Gw4kNl3oMYlF (Warp-Forge Frontier - 40k Narrative): no pairings for first rounds — event may not have started
event WtcPqbvDs3di (West Midlands 40k RTT 11th Edition): 30 games (rounds≤3, skipped rows=0)
event gjomHlek82ff (11th Ed event - SPEEDHAMMER!!! ): 27 games (rounds≤4, skipped rows=6)
event vX7PnkERcv8d (NEW EDITION 1K TOURNAMENT): 24 games (rounds≤3, skipped rows=0)
event xwx7Y32DEJMr (NaughtyK: Warhammer 40k RTT June (28/06/26)): 23 games (rounds≤3, skipped rows=0)
event n4TBv6BmW6AX (ICE HAMMER ITC RTT VII - 2025/2026): 33 games (rounds≤3, skipped rows=1)
event nXWRwCZ5NPt4 (GameShelf June 2026 WH40K RTT): 15 games (rounds≤3, skipped rows=3)
event vacuv4gKAcDm (RTT - Respawn Games and Hobbies a Warhammer 40K Rumble There's Only One!!): 6 games (rounds≤3, skipped rows=0)
event zidpmSE4mk9l (Great Stories 40k June Tournament): 21 games (rounds≤3, skipped rows=3)
event 3UwpB7KIca2t (Fantasy Forged 40k RTT - June 28, 2026): 11 games (rounds≤3, skipped rows=3)
event XKqL2irKtvYk (Asgard Games June RTT): 20 games (rounds≤3, skipped rows=1)
event rFzVXDWatT7F (June 2026 40k RTT): 9 games (rounds≤3, skipped rows=3)
event 3ceFzQ0pGP5p (Trouble Brewing in the Wyldwood - June 2026): 22 games (rounds≤3, skipped rows=0)
event TroLoNbjmmZS (Grow league): 2 games (rounds≤2, skipped rows=2)
2026/07/20 11:43:24 skip event gVfUcIqNnrCt (King of Hammerettes Garage RTT): no pairings for first rounds — event may not have started
2026/07/20 11:43:25 skip event 4SoQns5RMRG3 (King of the Colosseum Event at The Upkeep Games Canton): no pairings for first rounds — event may not have started
event 0xo9S2BK6UBs (BELLUM NOVUM: Bastion (Match Play League Hosted by Geeky Teas and Games)): 7 games (rounds≤2, skipped rows=3)
2026/07/20 11:43:27 skip event 2SoMSDdpzM2n (PHC Escalation League): no pairings for first rounds — event may not have started
event 4B1yq9VN9CdH (EBL June BBQ Invitational): 3 games (rounds≤2, skipped rows=0)
event PBW2z6Bxeqj6 (BELLUM NOVUM: Arsenal (Match Play League Hosted by Geeky Teas and Games)): 9 games (rounds≤2, skipped rows=7)
event tu5KNkxolmM1 (BELLUM NOVUM: Sanctum (Match Play League Hosted by Geeky Teas and Games)): 9 games (rounds≤2, skipped rows=5)
event uySuduATIPPI (Ludohammer 1k 11th edition): 9 games (rounds≤3, skipped rows=0)
event tGK8bbMxJ9UL (Loaded Dice Warhammer 40K June RTT (11th Edition!)): 19 games (rounds≤3, skipped rows=1)
event zV53ozkWyj9H (Wargame Warriors League Season 6): 27 games (rounds≤2, skipped rows=29)
event jZzozoCUsJju (11th Edition Kickoff League): 11 games (rounds≤2, skipped rows=3)
event yBD2BQp1zlaf (III Llori League): 5 games (rounds≤2, skipped rows=5)
2026/07/20 11:43:38 no games exported for 7q6WcbyaTYoD (KotP: Opening Salvo R1); skipped=0
2026/07/20 11:43:39 no games exported for gZsQhan9llIj (D.D.F.A. League: Skirmish at Springfield); skipped=9
event mFCo0YT7Gjqd (40k Summer 1k League): 10 games (rounds≤1, skipped rows=0)
event PbTwDK01ky9P (The Spire 40k League): 16 games (rounds≤2, skipped rows=10)
event eqA6JV2MfuML (SCD TTS League - Summer Season): 5 games (rounds≤1, skipped rows=2)
event lCatapQtdOmu (2026 Summer Speed League): 18 games (rounds≤4, skipped rows=7)
event qtugiWaVFuxn (GG 11th Intro League): 9 games (rounds≤2, skipped rows=0)
event tzi9IZ2dvT3r (Wobbly Pops: Battle Brews II): 1 games (rounds≤1, skipped rows=2)
event VmVZbdlMCGxE (Emerald Dreams: Hot Xenos Summer 2026): 35 games (rounds≤4, skipped rows=14)
event e92UiU7GGlHF (11th Edition Starter League.): 5 games (rounds≤2, skipped rows=5)
event LWlQLRhFLfmv (Warhammer 40K 11th Edition League): 9 games (rounds≤3, skipped rows=7)
event 5j4CcxUpnuNs (Return to Armageddon Narrative): 6 games (rounds≤2, skipped rows=8)
event E46kvx15Qv3t (Gator Games Escalation League): 18 games (rounds≤3, skipped rows=0)
event lXnHXZsRedLa (Kitsap 40k Summer League 11th): 6 games (rounds≤2, skipped rows=4)
event KR5wt32NKvFa (Warhammer event): 1 games (rounds≤1, skipped rows=0)
event LAbZXZzIkZbo (Warhammer Open): 1 games (rounds≤2, skipped rows=1)
event Prsg94KlFLZY (Warhammer Alliance Veterans 30th June): 27 games (rounds≤3, skipped rows=0)
event kHjusfaUS1IG (Warhammer Alliance Recruits 30th June): 53 games (rounds≤3, skipped rows=2)
event yRUnhMOqBRWN (TEO - 11th Ed TTS League): 56 games (rounds≤3, skipped rows=1)
event I7xd0Ssn0XoH (Summer 40K League): 5 games (rounds≤2, skipped rows=5)
event k2PF2cp3rbOC (The Consilium S2 R1): 10 games (rounds≤2, skipped rows=4)
event VWI3ajqCS42F (Cyprus 40K TTS League July): 37 games (rounds≤2, skipped rows=7)
event AgGlUgnBNjBs (Elemental Arcade 26'/27' League Season 1 of 4 (ITC Circuit)): 20 games (rounds≤5, skipped rows=0)
event yVqw4xQGAA46 (2026 Summer 1000PTS RTT): 21 games (rounds≤3, skipped rows=0)
2026/07/20 11:44:14 no games exported for dlL5nZxgCwzw (Hello 11th. Salo cup IV); skipped=3
event WIvyH8PJzChy (Warhams 11th Opener): 5 games (rounds≤2, skipped rows=1)
event 11FicnFtb7qG (Sons of Mohave Season 2 League): 4 games (rounds≤1, skipped rows=5)
event DYTEqGwDvCDu (Undecimus - 11th edition League): 12 games (rounds≤1, skipped rows=7)
event pCFnIjc2knlB (Carnage League - 11th Edition): 6 games (rounds≤1, skipped rows=10)
2026/07/20 11:44:19 skip event KMhYRRHhaQGn (WH Open): no pairings for first rounds — event may not have started
event 5mC9AtFrqAkx (GOTC 11th Edition League): 4 games (rounds≤2, skipped rows=4)
2026/07/20 11:44:21 no games exported for 7v7EtuP36T14 (Knightsfall Escalation League); skipped=4
2026/07/20 11:44:22 no games exported for 9PilF0w7Sbew (LEAGUE WHTQC - ABYSS); skipped=0
2026/07/20 11:44:22 no games exported for CHV1CqfreD2a (LEAGUE WHTQC - TOPDECK HERO JOLIETTE); skipped=0
2026/07/20 11:44:23 no games exported for IuVls9yLhzaI (LEAGUE WHTQC - FENRIS WORKSHOP); skipped=0
2026/07/20 11:44:24 no games exported for L886Bqf5wYyH (LEAGUE WHTQC - CARD BRAWLER); skipped=0
2026/07/20 11:44:24 no games exported for SrYJKynHpVaF (LEAGUE WHTQC - BOUTIQUE BASTION); skipped=0
event Z2aSR1QuDClL (40k monthly league (july)): 16 games (rounds≤2, skipped rows=10)
2026/07/20 11:44:26 no games exported for aK0sAm5dy0rE (LEAGUE WHTQC - ALWAYS GAMES); skipped=0
2026/07/20 11:44:27 no games exported for s5OieZzk8YoJ (LEAGUE WHTQC - JEUX AZ); skipped=0
2026/07/20 11:44:28 no games exported for uUsB7v4uVfuA (LEAGUE WHTQC - LA GROTTE D'ASAM); skipped=0
2026/07/20 11:44:29 no games exported for iaG27UyVVSN6 (Cadia's Tomb 11th Edition Grow League); skipped=3
event VCta1C8Axyqb (Dominatus Escalation League): 6 games (rounds≤2, skipped rows=7)
2026/07/20 11:44:31 skip event pZn6yrX3I02x (Dicehammer 40k League (11th Edition)): no pairings for first rounds — event may not have started
event 1MqFPHMNbi5V (New Players Escalation League): 10 games (rounds≤3, skipped rows=9)
event V15yH3RuWA1M (2026 Summer Escalation League): 9 games (rounds≤2, skipped rows=5)
2026/07/20 11:44:34 no games exported for EFWoBXMTYOLj (Blue Rune 40k Escalation League); skipped=0
2026/07/20 11:44:35 skip event n8Iu4wfLWAvX (Tomorip Agusha CUP): no pairings for first rounds — event may not have started
event 3QD4jYgJfMIO (Warhammer Alliance Recruits 2nd July): 39 games (rounds≤3, skipped rows=0)
event AaOILJgJM93w (Warhammer Alliance Veterans 2nd July): 50 games (rounds≤3, skipped rows=0)
2026/07/20 11:44:41 skip event GL9q4QVFfAuO (Hammer Deen Summer League Round 1!): no pairings for first rounds — event may not have started
event ly5KnPwWtZV7 (Fort Wayne July 40k League): 30 games (rounds≤3, skipped rows=17)
event 3e95vJWk29L4 (WARHAMMER 40K RTT - FRIDAY THROWDOWN - HOLLOWAY 3RD JULY): 21 games (rounds≤3, skipped rows=1)
2026/07/20 11:44:45 no games exported for QysQPtHSOEyG (Ladscon - Random Doubles); skipped=0
event 80AeH7s86i6y (11th Ed Kingston Summer League): 14 games (rounds≤1, skipped rows=2)
event NXgax3tEAIwJ (Rally Point Open - Coshocton GT): 60 games (rounds≤5, skipped rows=0)
event tFkIUEHr4tnU (July 3rd , Second Times a Charm): 23 games (rounds≤3, skipped rows=2)
event pylzT5v8nAU0 (Summer Conflagration - 40K): 40 games (rounds≤5, skipped rows=8)
event qeWaUPTuwsAL (GVG 11th Edition Escalation League): 43 games (rounds≤3, skipped rows=14)
event 3kPlAMpTtubD (40k Summer Loaded League - Crimson Reclamation): 17 games (rounds≤2, skipped rows=17)
event jExHnh4Fy9Qj (Shed Hammer - RTT): 24 games (rounds≤3, skipped rows=0)
event pBczdjiNiWkK (Geelong 40K Open 2026): 138 games (rounds≤5, skipped rows=5)
event AbHW3VkuhgAO (Warhammer 40000: 2026 Championship Monthly Tournament - Round 7): 10 games (rounds≤2, skipped rows=1)
event 9aBpqlGmqC6K (Sigil Open 11th): 24 games (rounds≤3, skipped rows=0)
event sAOyTR7w4Tln (Wira Saturday Games 2026): 16 games (rounds≤3, skipped rows=0)
event 114hdbKyt57p (Terra-merica’s Birthday League): 9 games (rounds≤2, skipped rows=3)
event wS7To9HOLig6 (SOLO KHAN 2026 Охота на Зотова): 55 games (rounds≤5, skipped rows=5)
2026/07/20 11:45:17 no games exported for 67WT5NNMmyoL (Warhammer 40k : Tournoi double); skipped=0
event cfWADLhQG93Y (Gulf Tournament Circuit: Dubai): 68 games (rounds≤5, skipped rows=5)
event fr5O99T8AaRM (1. Outer World Carnage Cup): 12 games (rounds≤3, skipped rows=0)
event iDyqMcytQy3j (Leoben Summer Sprint 40K Singles 2026 - Alpine Cup): 134 games (rounds≤5, skipped rows=4)
event TGxCLqzYeNp9 (ELBCOAST CUP 23): 35 games (rounds≤3, skipped rows=4)
event UDgeRCerrCfa (Tolaris GT 2026): 185 games (rounds≤5, skipped rows=3)
event j4PztKFGvx8r (I torneo 11ª ed. GLADIUSHAMMER): 24 games (rounds≤3, skipped rows=0)
event BbVJ2yXyDcdr (Warzone Events - July (4th) RTT): 12 games (rounds≤3, skipped rows=0)
2026/07/20 11:45:44 no games exported for GAPtyF36INcb (Diss Games July 2k Points, 40k Training Tournament); skipped=0
2026/07/20 11:45:45 skip event owlIeMqsEl5v (HammerDeen Doubles RTT 2): no pairings for first rounds — event may not have started
event qjPItdZtelYe (Warhammer 40,000 11th Ed. Rules Learning!): 29 games (rounds≤4, skipped rows=0)
event 48q5gesSLvzJ (Clash of Orcs: Da First Waaagh! – Summer Slugfest): 30 games (rounds≤3, skipped rows=0)
event D7IDadDEIXX5 (Pyra Cup Nations PreWTC): 160 games (rounds≤5, skipped rows=0)
event Xq4CN5Hio11S (40k Learners Tournament): 21 games (rounds≤3, skipped rows=0)
event Y8R25bILz5Bg (The North East Open 2026): 183 games (rounds≤5, skipped rows=6)
event iTQ7BuqQivKy (11TH EDITION Dice & Bolter 40K RTT #5 @HobbyWorkshop  - 4TH JULY): 45 games (rounds≤3, skipped rows=0)
event uWrkEbnY2rhE (Life Begins at 40K: July Invitational): 21 games (rounds≤3, skipped rows=0)
event ECqNHKHEKp21 (The Warp - Season 1 - League 2): 8 games (rounds≤2, skipped rows=8)
event OPN0Y2kUstAA (The Warp - Season 1 - League 1): 6 games (rounds≤2, skipped rows=6)
event PXzj4ZIbwCIo (Beerhammer tries 11th): 7 games (rounds≤2, skipped rows=0)
event cGlykEPyX92p (The Warp - Season 1 - Championship League): 8 games (rounds≤2, skipped rows=8)
event llYKCNNHE80w (The Warp - Season 1 - Premier League): 7 games (rounds≤2, skipped rows=7)
event thhMlpL1Jvrs (WGS| Warhammer 40,000 RTT Saturday 4th July): 6 games (rounds≤2, skipped rows=0)
event YrWkBJQcYXzK (Hivehammer 600 | Warhammer 40k | JUL 4th): 16 games (rounds≤4, skipped rows=4)
event 8KqzDdn8Qm6i (2607 Kawartha Open Twisted Aquila RTT): 37 games (rounds≤3, skipped rows=2)
event dyGqhoKIOlXP (Mousquetaire juillet 2026): 21 games (rounds≤3, skipped rows=0)
event zz629qMohYtY (2000 pt 40k IRONMAN July 4th, 2026.): 37 games (rounds≤5, skipped rows=3)
event 8iUzf417618w (FDB Championship 7 de 8): 14 games (rounds≤3, skipped rows=0)
2026/07/20 11:46:27 skip event RymLMP8bnKTI (The 40k Cookout (Doubles RTT)): no pairings for first rounds — event may not have started
event pJO4PrMn516Z (Torchlight RTT 2000pts - July 4th 2026 - 11th Edition Kickoff): 45 games (rounds≤3, skipped rows=0)
event wkEn0GgV2Qb4 (I LIGA 40K SC GAMES SHOP): 21 games (rounds≤4, skipped rows=7)
event rRgvHwWsAKRI (Barnyard TTS League July): 19 games (rounds≤3, skipped rows=8)
event HfHLaCuPAJQL (40K Kampout 2026): 18 games (rounds≤3, skipped rows=0)
event asvlCN2WivDZ (Top Tier Warhammer 40k RTT - July): 14 games (rounds≤3, skipped rows=1)
2026/07/20 11:46:37 skip event nXfhO1i8G8e5 (Turbulent Warhammer 40K Store Doubles Tournament): no pairings for first rounds — event may not have started
event rjATDeeQfvFD (BAMF League 27): 13 games (rounds≤2, skipped rows=13)
2026/07/20 11:46:40 skip event ik6nwsS87dRk (1k 40K League Heat 1): no pairings for first rounds — event may not have started
event lajdrgR7Y4UD (Torneo 11th Warhammer40k Warvel): 12 games (rounds≤3, skipped rows=0)
event VDK1ilgEn16Z (Armageddon w40k RTT 2026): 34 games (rounds≤2, skipped rows=0)
event 6gLFI0CtXwNg (GOLPES CON SABOR A INCURSION): 6 games (rounds≤2, skipped rows=0)
event SlQlYxVRDh9Z (Garage Wargames 40K League): 9 games (rounds≤2, skipped rows=12)
2026/07/20 11:46:46 skip event 9spcDMIJUhhC (Dawn of 11th Edition! 1000pt Tournament): no pairings for first rounds — event may not have started
event jB6RoYwO9ezV (Rubicon Open): 18 games (rounds≤3, skipped rows=0)
event UoS8s6N5OAoE (Sharkgames Julio 2026 Torneo40k): 36 games (rounds≤3, skipped rows=0)
event UxAL33WsESTI (Torneo Parahammer II): 21 games (rounds≤3, skipped rows=0)
event ewzJqLYBNOAl (11th Ed Launch Tournament): 6 games (rounds≤3, skipped rows=3)
event rcqA5GV466k9 (Ludic World Qualifier 1): 23 games (rounds≤3, skipped rows=0)
2026/07/20 11:46:55 skip event yxfWg58FWdrS (🔥Napalm Hobbies 24 - 11TH EDITION - 40K - ETC - ITC): no pairings for first rounds — event may not have started
event W6ZomhZOcnwu (MMG: 40K RTT JULY 2026): 23 games (rounds≤3, skipped rows=0)
event x2SXxhLKiQIZ (Road to Armageddon League VIII): 16 games (rounds≤4, skipped rows=2)
event xl9an5HBUx0g (Bugle Weekend Warrior - July 5th): 11 games (rounds≤3, skipped rows=0)
event 1tUFpOxnaxCV (Recess 40k Escalation League): 10 games (rounds≤3, skipped rows=7)
event IhijSuBacGBx (TLG Novice Incursion Event): 15 games (rounds≤3, skipped rows=0)
event czqFgtUC9FcE (Trident Grand Tournament League): 26 games (rounds≤2, skipped rows=26)
event N8DSdKXfOWPL (Gamer’s Haven July RTT 2026): 10 games (rounds≤3, skipped rows=1)
2026/07/20 11:47:07 no games exported for NG0IQu1TTaKl (11th Ed Charity Narrative Dominatus RTT); skipped=8
event YPONdZiU6icc (GITHAMMER JULY RTT): 28 games (rounds≤3, skipped rows=0)
event xuzcrci3gNvs (MAD Warhammer 40k 11th Edition RTT 07.05.2026): 24 games (rounds≤3, skipped rows=0)
2026/07/20 11:47:11 skip event fhJHB8zWHSBu (Combat Patrol League III): no pairings for first rounds — event may not have started
event k4DJoT9cPCfk (40k league): 6 games (rounds≤2, skipped rows=5)
event opOFjOJrDJAY (Danum Dice League 3 2026): 5 games (rounds≤1, skipped rows=2)
event RpxRLkmlNcc1 (WH40K kesäliiga 2026 (11e)): 4 games (rounds≤1, skipped rows=2)
event RToeOj2fIGaL (Lega TTS WarhammerItalia Luglio): 24 games (rounds≤3, skipped rows=12)
event F3f8IGtg8hbN (Australian and Aotearoa TTS League - TTS 11th Edition Warhammer 40k Teams Event #1): 20 games (rounds≤1, skipped rows=5)
event bmzQaKmCL3cW (J4F League - 11th Edition Kick-Off): 3 games (rounds≤2, skipped rows=3)
event m3isoQcasU6C (Sini Duduk Warhammer 40k League 11th Edition): 14 games (rounds≤1, skipped rows=1)
event DnJoP5e7iLKk (RWGC 40K Friendly League, 3Q 2026): 19 games (rounds≤2, skipped rows=19)
event WNPW1apNZAqa (NJC 11th Edition Starter League): 5 games (rounds≤2, skipped rows=5)
2026/07/20 11:47:23 no games exported for mKaJCpvwK8oV (MMG: 40K Doubles League Summer 26); skipped=0
event tE65xnxeAx9E (MMG: 40K League Summer 26): 14 games (rounds≤2, skipped rows=14)
event PZqLBe1bkmDM (TAGS 40K League, Season 2): 2 games (rounds≤1, skipped rows=8)
event jfAZkVKEbQEe (11th Edition Slow Grow League - Tabletop Renaissance): 14 games (rounds≤1, skipped rows=9)
event nljbn0130fUC (Chimera Gaming 40K Singles League - Summer/Fall 2026): 12 games (rounds≤1, skipped rows=3)
event jdLhetQkLwYZ (Webway Radio LTP 11th League): 8 games (rounds≤3, skipped rows=7)
event pv9lWkdly1Er (Midgards 3rd Quarter 40k League): 18 games (rounds≤3, skipped rows=12)
event gsVG421P3o9e (Summer 2026 Painting Escalation League): 13 games (rounds≤1, skipped rows=2)
event 5OVWceO6P9ry (Calgary Crusade League Season 8): 11 games (rounds≤1, skipped rows=2)
event WxLVonQ0e561 (Battleborn Teams 11th kickoff): 16 games (rounds≤2, skipped rows=8)
event AnprfpAM0w6D (2k League 11th Edition Style): 5 games (rounds≤1, skipped rows=0)
2026/07/20 11:47:38 skip event hZDr1jE9oTjJ (The Chrono Cup): no pairings for first rounds — event may not have started
event ocYrkdPBTTNh (Warhammer 40k League): 15 games (rounds≤1, skipped rows=0)
2026/07/20 11:47:40 no games exported for UKcoaLhS2GHi (Weekly Open Play); skipped=0
event V6yn1NbLW2x1 (Model Citizens 11th League): 8 games (rounds≤2, skipped rows=8)
event oLOzV4rFnoWx (July Welcome to 11th 40K League): 12 games (rounds≤2, skipped rows=0)
event ADoy0OvCLhC9 (Hobby Henchmen Div 4 Season 1): 3 games (rounds≤2, skipped rows=5)
event BGYEj48lVNcg (Warhammer Alliance Recruits 7th July): 33 games (rounds≤3, skipped rows=0)
event Cr4b2lnIknVv (Hobby Henchmen Div 5 Season 1): 1 games (rounds≤1, skipped rows=4)
event PaILJ3psglb6 (The mighty GTGC 40k League): 8 games (rounds≤2, skipped rows=8)
event T0Z236EQlhJm (Warhammer Alliance Veterans 7th July): 27 games (rounds≤3, skipped rows=0)
event lpeySdAPRKhn (Hobby Henchmen Div 3 Season 1): 3 games (rounds≤2, skipped rows=5)
event rhnIOZCuLk8L (Hobby Henchmen Div 1 Season 1): 3 games (rounds≤2, skipped rows=5)
event sryvP1USNhV3 (Hobby Henchmen Div 2 Season 1): 1 games (rounds≤1, skipped rows=3)
event hQ6s03QXSZlh (Demolition Wargaming Slow Grow League): 2 games (rounds≤1, skipped rows=2)
event nfbd9QE8eApD (Soda Shoppe 2k League 2026): 2 games (rounds≤1, skipped rows=2)
event D7jr8CrsarYA (Wednesday Warfare - July): 18 games (rounds≤3, skipped rows=0)
2026/07/20 11:47:57 skip event wr6UJK2LqUYv (Wallop Wargamers league): no pairings for first rounds — event may not have started
event Y6vpibv15XN0 (11th Edition League!): 9 games (rounds≤2, skipped rows=3)
event d1tbM7FVkzzl (11th Edition Kick Off League): 19 games (rounds≤2, skipped rows=4)
2026/07/20 11:48:00 no games exported for zWNJ0Pb7uJrw (Blue Rune 40k Escalation League); skipped=0
2026/07/20 11:48:01 skip event iogXqVfnLy1D (BDAWC 11th Ed League): no pairings for first rounds — event may not have started
event AoofJ6IEmqVA (Israeli Summer Team Cup): 80 games (rounds≤4, skipped rows=0)
event FNkgswKq1tM5 (WARHAMMER 40K RTT - FRIDAY THROWDOWN - HOLLOWAY 10TH JULY): 18 games (rounds≤3, skipped rows=0)
event LQfhBY0s4rJB (Big Johnson Throwdown 2026): 45 games (rounds≤3, skipped rows=0)
event T03F87Dd6Rc7 (Gator Games July Incursion): 6 games (rounds≤3, skipped rows=0)
event 8Mngmx0xMBtB (Quartermasters Event 3 (July 2026)): 45 games (rounds≤3, skipped rows=0)
2026/07/20 11:48:14 skip event ocUcuPmge8uJ (Gamez Knight - 1,500pt Tournament): no pairings for first rounds — event may not have started
event Dzr9hSapQnJN (Shark Tank Winter 2026): 155 games (rounds≤5, skipped rows=3)
2026/07/20 11:48:23 skip event HokBvHaM8DXM (Steel City Games RTT - July): no pairings for first rounds — event may not have started
event cpVz3bJtCBY8 (Battle for Bathurst! WELCOME TO 11th!): 6 games (rounds≤3, skipped rows=0)
event hPqq4JlF7K51 (MtG Humphreys Tabletop Brew and Battle presents the "JULY" 40k RTT): 39 games (rounds≤3, skipped rows=2)
2026/07/20 11:48:27 no games exported for 0kZkgz8gXemv (Plenty of Games: 40k Learn to Play); skipped=0
event 7v51GWW253j3 (2026 Grim Series 6): 41 games (rounds≤3, skipped rows=0)
event Q3T9hY8gTcmP (Xunobi XP G4 Golden Ticket Qualifier WH40k): 18 games (rounds≤3, skipped rows=0)
event bQheCuyCzInu (Battle for 11th on the 11th): 14 games (rounds≤2, skipped rows=0)
2026/07/20 11:48:33 no games exported for URClcnHnkyDC (Hobby, Game, an Open House @ Dicehammer); skipped=0
event Y888qPsBQthr (1st Gamma Cup): 10 games (rounds≤2, skipped rows=0)
event k9oMQfCP8GI4 (GREX Strike Force July 2026): 15 games (rounds≤3, skipped rows=1)
event 4kRPqzVzONBr (Warmaster Bucharest 2026): 144 games (rounds≤6, skipped rows=0)
event mm2dNVhoeyYh (WH40k Tourn. - Blockhouse Games): 18 games (rounds≤3, skipped rows=0)
event 2GCj38qyi6nu (Luxembourg Open - Golden ticket event (11th ready)): 84 games (rounds≤5, skipped rows=6)
event bax5V5zlLZHF (EXODUS IV Torneo Warhammer 40k): 21 games (rounds≤3, skipped rows=0)
event qXoo3TaDXGQe (44º Torneo 40K   CRIPTA DE LOS HÉROES (11 Julio) - Circuito 2026): 33 games (rounds≤3, skipped rows=3)
event JFg8J5g1nR6H (Beach Clash Major 2026): 120 games (rounds≤5, skipped rows=3)
event LzoihQT4WmZc (PATH TO GLORY - OPEN 2026): 453 games (rounds≤5, skipped rows=0)
event 6sSsZlUR3r1l (Atreus Cup Július - 11. KIADÁS NYITÓVERSENY): 14 games (rounds≤2, skipped rows=0)
event XEHJ1PiVBm9I (Torneo 40K Empire Games XIV): 30 games (rounds≤3, skipped rows=0)
event aZT9OSjPwG55 (Bradburycon ‘26 (private event)): 24 games (rounds≤4, skipped rows=0)
2026/07/20 11:49:23 skip event oLgF9KfZSKx6 (I Torneo Warhammer 40K): no pairings for first rounds — event may not have started
event zswjML0yRtTr (Midsummer O.P.A. 2026 WH40K GT): 77 games (rounds≤5, skipped rows=3)
event R0rECeZtg2rz (D6 Games- Chelmsford Chop GT): 35 games (rounds≤5, skipped rows=0)
event dntgY8Gph0N3 (Warzone Events - July (11th) RTT): 15 games (rounds≤3, skipped rows=0)
event 4O9FroaR8q0l (Vienna Summer Major WH40K 2026): 225 games (rounds≤5, skipped rows=0)
event RupTK3DPItAE (11th on the 11th Warhammer 40,000 Tournament): 12 games (rounds≤3, skipped rows=0)
event UMY8QraXFnO7 (Bristol Crusaders: squad tactics): 120 games (rounds≤5, skipped rows=0)
event aE5ac3Pg3PdR (July RTT at Red October Games): 27 games (rounds≤3, skipped rows=3)
event fEZQMALeXaiE (Carrick Club Learning Tournament): 10 games (rounds≤2, skipped rows=8)
event i4moPKZCOlCc (Exterminatus 2026): 32 games (rounds≤4, skipped rows=0)
event nZjtkLu0BNfg (Warhammer 40k  11ª Julio 2K): 12 games (rounds≤3, skipped rows=0)
event sa7dH4GL5TK0 (Ludik Hobby 40k Julho 2026): 11 games (rounds≤3, skipped rows=0)
event tvXXBxmXlafr (Gothic Games Canterbury: July RTT): 45 games (rounds≤3, skipped rows=0)
event FDj3ktrwlTjU (Road to Armageddon League IX): 16 games (rounds≤4, skipped rows=4)
2026/07/20 11:50:00 skip event Fapt8vkoveV5 (RAF 40k Championship 2026): no pairings for first rounds — event may not have started
event RVZLffCzVPGK (Midgard Gaming Summer 2026 2k Tournament): 24 games (rounds≤3, skipped rows=0)
event OUGDd4w6x4to (40K RTT at The Upkeep Games Canton): 50 games (rounds≤3, skipped rows=0)
event 11IU33rnVYmV (Battle Forged RTT): 18 games (rounds≤3, skipped rows=0)
event 94Ih6ZqMMamI (40k 11th First Tournament): 24 games (rounds≤3, skipped rows=0)
event DCCvlKZlchxE (Triple Cities 40K July RTT @ Dragon Master Games): 21 games (rounds≤3, skipped rows=0)
event JSBi9biyz0P2 (Warhammer 40k: July RTT): 35 games (rounds≤3, skipped rows=0)
event UWTQkmO2pqUb (Chimera Gaming Warhammer 40K RTT - July): 32 games (rounds≤3, skipped rows=1)
event XXHPVFQdhsri (July Recess 40k Tournament): 6 games (rounds≤3, skipped rows=0)
event jK2EIVeDOf9o (2026 US Goonhammer Open 40k GT): 106 games (rounds≤5, skipped rows=1)
event k16wAEjakzS0 (Ironweld: Warhammer 40K Grand Tournament): 162 games (rounds≤5, skipped rows=2)
event qAvNwhriEfRo (Twisted Titans Tournament - 40k RTT - a GWC and OWN event): 15 games (rounds≤3, skipped rows=0)
event ykjb6RXOOjlb (The 10th Ontario 40k League Northern Division Invitational): 30 games (rounds≤4, skipped rows=2)
event U2DjwdR5kqFL (Port City Rumble July@ Misfit Games): 27 games (rounds≤3, skipped rows=0)
event sTSi7Jumr8cz (TTK's JUL RTT [2026]): 15 games (rounds≤3, skipped rows=0)
event zK3hQaPbXBOV (Caladrius Games July RTT): 16 games (rounds≤3, skipped rows=1)
2026/07/20 11:50:37 skip event A6GhbsqxoxZQ (Learning 11th Edition League): no pairings for first rounds — event may not have started
event BRxrvLDaYWbb (Battlegrounds 5-Player Team Event Hosted by Away Games): 125 games (rounds≤5, skipped rows=0)
event CaTUXG1z3eas (North Coast Games July 40k RTT): 28 games (rounds≤3, skipped rows=3)
event FoCHHFEoepSp (Monthly Warhammer 40k Tournament @IMPACT): 42 games (rounds≤3, skipped rows=3)
event KizDHA4gxReG (Dice Dojo Warhammer 40K 11th Ed. Third Quarterly Tournament): 27 games (rounds≤3, skipped rows=0)
event MoQoEc0eITuf (Warhammer 40,000 Match Play): 8 games (rounds≤3, skipped rows=2)
event TFEWNcTu143i (Jul 2026 FB&G Warhammer 40K Competitive Tournament): 22 games (rounds≤3, skipped rows=2)
event TTv4qmWTRkIv (40k Cowboy Classic): 58 games (rounds≤2, skipped rows=6)
event UdofWi1u2lCG (Green Dice Games July 40k RTT): 33 games (rounds≤3, skipped rows=1)
event Zrsbs9nyq6In (July YHP Alexandria Warhammer 40K 11th Ed RTT): 26 games (rounds≤3, skipped rows=0)
event evCij3iGPLku (Cowboy Classic 2): 192 games (rounds≤4, skipped rows=0)
event x9hBWTRVhZib (W4 - Western Wisconsin Wargaming Weekend): 58 games (rounds≤5, skipped rows=2)
event xfP6k5og2YRW (2000 pt 40k July 11th rtt.): 15 games (rounds≤3, skipped rows=0)
event 7Z78fdTmxMdk (Nexus Game Lounge Warhammer 40k RTT 7/11): 9 games (rounds≤3, skipped rows=0)
event A1LAsoVERUuE (40K - Gravity's Conquest): 26 games (rounds≤3, skipped rows=1)
event DzlHPqd7O3Zq (D6 Damage 2026 July WH40K): 24 games (rounds≤3, skipped rows=0)
event IdkQnQeqppX4 (YMM Tabletop Games Warhammer 40K Skirmish): 12 games (rounds≤3, skipped rows=0)
event Rmlbltci3zvS (Roselle- Warhammer 40k July RTT 7/11/2025): 17 games (rounds≤3, skipped rows=0)
event tJ6gQShtNIis (Game Garrison Warhammer 40k July RTT): 38 games (rounds≤3, skipped rows=1)
event vDL52JITV5ps (11th on the 11th GP First 40k 11th Edition Tournament RTT): 30 games (rounds≤3, skipped rows=0)
event yibv4C5sAJWq (Firefly Warhammer 40k July 2026): 24 games (rounds≤3, skipped rows=2)
event 9SC6JyRYYLKy (War Host’s July 2026 RTT): 30 games (rounds≤3, skipped rows=0)
event AERZGvCQRnFI (Gem Wargaming July 2026 RTT): 31 games (rounds≤3, skipped rows=0)
event C03J8tqk6kWt (Escalation League - Athens): 3 games (rounds≤1, skipped rows=5)
event DvBoPpPeuHt8 (Gameday Warhammer 40k 1vs1): 4 games (rounds≤2, skipped rows=2)
event IGojtXbkkG26 (COLTON-HAMMER): 24 games (rounds≤3, skipped rows=0)
event SyIai27LqdgI (Sumrall Games Warhammer 40K RTT-July): 10 games (rounds≤3, skipped rows=1)
event WXOo5yf9nD7u (Game Cafe Warhammer 40,000 11th Ed RTT): 13 games (rounds≤3, skipped rows=2)
event nzRdDhYVyH8p (Crimson Lion Games: 40K Escalation League): 15 games (rounds≤1, skipped rows=17)
event vDgEvJOnJaxl (July 2026 Miniature Market Warhammer 40k RTT): 33 games (rounds≤3, skipped rows=0)
event wFtMCDgEuJUo (Return from Beyond Tournament): 17 games (rounds≤3, skipped rows=0)
event weLR2Rs68DJE (Warhammer 40K RTT: 11th Edition): 42 games (rounds≤3, skipped rows=0)
event yN6XDlAZZjpX (Belles' 11th Edition Opener RTT): 27 games (rounds≤3, skipped rows=0)
event zqtoHKFtO1rF (Escalation League - Buford): 4 games (rounds≤1, skipped rows=12)
2026/07/20 11:51:46 skip event GWVhS1Euv1ER (Rooks 40k Casual Tourney July 2026): no pairings for first rounds — event may not have started
event RYttWOUigcBf (Gainesville Warhammer - Welcome to 11th): 5 games (rounds≤2, skipped rows=0)
2026/07/20 11:51:48 skip event fYCFzfi5oRNq (Random Teams at Phoenix Games): no pairings for first rounds — event may not have started
event uOo9CTROvNS9 (Tacoma Prep Tournament): 20 games (rounds≤3, skipped rows=1)
event 3LiNF3XIlBRe (TTWG July 2026 RTT): 24 games (rounds≤3, skipped rows=0)
event FQOpPZ8bA3IM (BC 40k League Season 12 Finals): 9 games (rounds≤3, skipped rows=0)
event LsoddWb4fip7 (Warp Nexus Invitational): 13 games (rounds≤3, skipped rows=0)
event WiuuPG2qtpRj (The Silver State Classic 2026): 107 games (rounds≤5, skipped rows=3)
event aRnqDerKgnyM (FLG Monthly RTT - July 2026): 27 games (rounds≤3, skipped rows=0)
event hOLE4r5m82kX (Great Escape RTT July (ITC Standard)): 9 games (rounds≤3, skipped rows=0)
event t7K8OarZCRNf (Josh is old Tournament): 9 games (rounds≤3, skipped rows=0)
event wyYbkJZVcTK7 (Paradox Trading Post July RTT - Tacoma Open Prep!): 15 games (rounds≤3, skipped rows=0)
event rTRtSoA3NcKD (Warhammer 40K 11th ED Tourney): 15 games (rounds≤3, skipped rows=2)
event uZ4qxIz8T6a8 (The Riverside Classic by Green Banner Event Co.): 72 games (rounds≤5, skipped rows=1)
event z65eHoDEOoCV (11th Raptor Tactic Teams League): 4 games (rounds≤1, skipped rows=8)
event oppfRgKdyik1 (Next-Gen Games 11th Ed 40K RTT): 7 games (rounds≤2, skipped rows=1)
event ThQolUJiVBeg (Throne of War GT 2026): 65 games (rounds≤5, skipped rows=2)
2026/07/20 11:52:15 skip event PnK7gXcarjwb (Warhammer 40k 11th edition 1k league July): no pairings for first rounds — event may not have started
event W3eJh1JiQIYj (500 Worlds no, 500 points yes.): 21 games (rounds≤3, skipped rows=0)
event ELsuay379H7p (大細路2026 40K 11ed 新手賽): 12 games (rounds≤3, skipped rows=0)
2026/07/20 11:52:19 skip event TyFhD2MjAi8p (Dawn of 11th Edition! 2000pt Tournament): no pairings for first rounds — event may not have started
event VcPrQdL6unmk (Realm 40k RTT - July 2026): 18 games (rounds≤3, skipped rows=0)
event r24ing3wOPqE (MiniGT Santiago JULIO 2026): 27 games (rounds≤3, skipped rows=0)
event HPc4hwhwGtit (XXXIX Torneo 11TH - Wargames Granada): 15 games (rounds≤3, skipped rows=0)
event ORbnTckfcTPt (WARPHammer 11th Ed. RTT 1): 24 games (rounds≤3, skipped rows=1)
event FPuUiXjQgfoU (Black Tower Wargaming July Warhammer 40k RTT): 18 games (rounds≤3, skipped rows=0)
2026/07/20 11:52:28 no games exported for AB6FRWVITo99 (CARNAGE SEASON 4 - JULY 2026 TEAMS); skipped=0
event EkONn0MDcAMj (Nuevos Comienzos Warhammer 40k): 16 games (rounds≤2, skipped rows=0)
event XiOmDZZxjC6C (Hellstorm's 11th Edition PaRTTy (Tournament) 12th July 2026): 26 games (rounds≤3, skipped rows=0)
event tNvLJlCuhq8c (Gates of Glory - 12th July 2026): 12 games (rounds≤3, skipped rows=0)
2026/07/20 11:52:33 skip event Cgz9EQTtbQ5s (intro tournament): no pairings for first rounds — event may not have started
event uzlRqD23HOfE (MT3 League S5): 2 games (rounds≤1, skipped rows=4)
event gWR3Vhq217RD (Card Brawlers - Warhammer 40k RTT): 27 games (rounds≤3, skipped rows=0)
2026/07/20 11:52:37 skip event CkUx5wijK3Ib (Great Stories 40k Doubles Tournament): no pairings for first rounds — event may not have started
2026/07/20 11:52:38 skip event cfe2fauTtDXs (Hex Dominatus! Narrative 1-Day): no pairings for first rounds — event may not have started
event r909DVF18FlB (Hobby Hole 11th RTT): 16 games (rounds≤3, skipped rows=2)
2026/07/20 11:52:40 skip event Z0easB6C3ObM (The Game Store 11e Doubles! July RTT): no pairings for first rounds — event may not have started
2026/07/20 11:52:41 no games exported for ephUiN62dkxI (July 12th Warhammer 40k 2k!); skipped=0
event 4Q8aIOztQOg2 (Gamers-Corps 40k 11th League): 17 games (rounds≤1, skipped rows=6)
event JN8U4j9zJ7O5 (King of the Colosseum @ Bat City Games): 6 games (rounds≤3, skipped rows=0)
event JlH1QiWHJvUE (Hole in the Wall Hobbies July 2026 RTT): 40 games (rounds≤3, skipped rows=0)
event gHnjIqnu0yfH (Crimson Lion Games July ITC 40k RTT): 36 games (rounds≤3, skipped rows=0)
event x37bbQwtXP0e (Ramhammer July 2026): 30 games (rounds≤3, skipped rows=0)
event EHuCB0MHBws9 (Draconis Escalation League): 4 games (rounds≤1, skipped rows=1)
event GNHZeaKjFJh3 (Valkyries Loft Tournament): 18 games (rounds≤3, skipped rows=0)
event PYd5ITaTNFJZ (Utopia Games 40K RTT #6): 17 games (rounds≤3, skipped rows=0)
2026/07/20 11:52:54 no games exported for wF1wCfgyoqXV (Summer Escalation League); skipped=0
event ZSoqndo0koVZ (40k PSC Prep Event @ Dicehammer Collective): 9 games (rounds≤2, skipped rows=1)
event u5sawpVLclNB (Capes and Crepes Warhammer 40K RTT): 26 games (rounds≤3, skipped rows=0)
event FWemZ4QDPSYQ (Marshfield Summer 11th.E League): 2 games (rounds≤2, skipped rows=2)
event HTvg2GVE5iex (EBL 11th Edition League 1.0 Warm Up): 2 games (rounds≤1, skipped rows=3)
event s0cE9e6AGpmI (Ender's Games July WH40k RTT): 23 games (rounds≤3, skipped rows=0)
event zPJidW3l9AXM (40K Beginners' Tournament at The Upkeep Games Howell): 42 games (rounds≤3, skipped rows=3)
event dObLxQZaPUT8 (Battle in the Stars 1): 12 games (rounds≤4, skipped rows=0)
event py8lkQO3Zwm4 (Armageddon Burns: TTE 40k Escalation League): 3 games (rounds≤1, skipped rows=8)
event 1x5tRutV7EE9 (General Games Chirnside 11th Edition Celebration Warhammer 40k League): 7 games (rounds≤1, skipped rows=10)
2026/07/20 11:53:07 skip event qpQVyXdcWzeQ (Loyal Heretics League Season 4): no pairings for first rounds — event may not have started
2026/07/20 11:53:07 no games exported for gQY9ZmLoo8HO (Wargamer.lt 11th edition league); skipped=12
2026/07/20 11:53:08 skip event jnYQDqScxRqV (Žilina Grandmasters): no pairings for first rounds — event may not have started
event vnJbkLFsueGO (Dinkord - Warhammer 11th ed): 1 games (rounds≤1, skipped rows=2)
event 1AUVqnUe1t1F (Warhammer Alliance Recruits 13h July): 74 games (rounds≤3, skipped rows=0)
event kpWZMa2LFMJK (Warhammer Alliance Veterans 13th July): 8 games (rounds≤3, skipped rows=0)
event E4hJGYYlYIXH (2026 Escalation League - Season 2): 4 games (rounds≤1, skipped rows=7)
event EdCMqqK9atil (Hydra 11th Edition League 1.0): 3 games (rounds≤1, skipped rows=6)
event vVBTaW2WO3Yc (J&B 11th ed 40k summer league): 9 games (rounds≤2, skipped rows=11)
event hX33mDqw6cM5 (Second City Games 40K Summer 2026 Escalation League): 7 games (rounds≤1, skipped rows=3)
event UFbJ38oyYaN5 (ICC 11th League V1): 4 games (rounds≤1, skipped rows=17)
event ocIvi41LDl0t (War Host Welcome to 11th League): 7 games (rounds≤1, skipped rows=7)
event VWWreH2eW83N (11th ed. Local 2K League): 4 games (rounds≤1, skipped rows=4)
event tu0stgvRxFXE (Kelowna's Dominatus League): 2 games (rounds≤1, skipped rows=1)
event QJPODSnnDM6e (GNG 40k Escalation League): 1 games (rounds≤1, skipped rows=6)
2026/07/20 11:53:23 no games exported for ulxdnPq9bnj4 (Weekly Open Play); skipped=0
event UNQJUG0DEPKs (Midweek Masters Midsummer Bloodbath): 26 games (rounds≤3, skipped rows=2)
2026/07/20 11:53:26 skip event wav1tkOobjXH (MTG Osan, Escalation league): no pairings for first rounds — event may not have started
event RtHB3sCTi3yR (Solent Summer League 1): 1 games (rounds≤1, skipped rows=4)
event ZlPi9MpO9iVD (Solent Summer League - BEGINNERS): 3 games (rounds≤1, skipped rows=2)
event LmBTciSXCzQz (⚔️ LIGA Warhammer 40k - 11va Ed): 3 games (rounds≤1, skipped rows=9)
event eD22fL04nPhD (Solent Summer League 2): 2 games (rounds≤1, skipped rows=2)
2026/07/20 11:53:30 no games exported for jo1UuuwkXlwy (Blue Rune 40k Escalation League); skipped=0
2026/07/20 11:53:31 skip event n6vxz9MLgeMS (South Lincs League): no pairings for first rounds — event may not have started
2026/07/20 11:53:32 skip event G8DrM0Vj4RaP (Silesia Team Championship v. 10): no pairings for first rounds — event may not have started
event JXk4u5oCos0H (WARHAMMER 40K RTT - FRIDAY THROWDOWN - HOLLOWAY 17TH JULY): 21 games (rounds≤3, skipped rows=0)
event 4YGvTabRWeZ6 (Dicehead 11th Ed 40k Escalation League - Phase 1): 9 games (rounds≤1, skipped rows=17)
2026/07/20 11:53:35 skip event EFNbH0fAZ5y8 (Battle of king's reach): no pairings for first rounds — event may not have started
event T7olutX9PTqa (Warhammer 40,000 Grand Tournament - Warhammer Open Tacoma): 1888 games (rounds≤8, skipped rows=18)
event uXyh41UHjoPE (Warhammer 40,000 Competitive League 2026 @XPG): 3 games (rounds≤1, skipped rows=21)
event A4VETIgjoC0z (Nocturnidad y Alevosía 2026-07): 8 games (rounds≤2, skipped rows=0)
event fjdpD950aN1m (SPEEDWAAAAAGH 2026: 3 man teams): 45 games (rounds≤5, skipped rows=15)
event mWOhIZznDoYj (Reefside Games 40K - Armageddon Ascends): 18 games (rounds≤3, skipped rows=0)
event XXXTsFk03aeP (Plenty of Games: 40k 1000pt Organised Play - July): 6 games (rounds≤2, skipped rows=0)
event rIyA1JGWKfaG (Johor Bahru League): 8 games (rounds≤3, skipped rows=0)
event oixNKRoxjfoq (Hong Kong Open 2026 40K Solo): 28 games (rounds≤4, skipped rows=0)
event wC1sATwvQwf7 (Shiro Warhammer E11th): 18 games (rounds≤3, skipped rows=2)
event 5W0Uxu8Zm7GC (Parabellum Tournament Summer 26): 14 games (rounds≤3, skipped rows=0)
event GBTKjKjtPM47 (Málaga Open): 46 games (rounds≤5, skipped rows=0)
event JyKrLAGKF7WN (Bordeaux OPEN): 209 games (rounds≤5, skipped rows=3)
event TGpnlKaA5GC2 (Athens Open-Summer Edition): 152 games (rounds≤6, skipped rows=1)
event XFzJraSxTPgk (AEPDA Summer Tournament 40k): 29 games (rounds≤3, skipped rows=0)
event Yrhr9ezyOdS6 (Unga Bunga Open III): 15 games (rounds≤3, skipped rows=0)
event 9LbeUpKgwHk8 (Bunker Warhammer Letnji Turnir 2026): 63 games (rounds≤5, skipped rows=0)
event UKbUKyLeDj40 (Battlefield Ratisbona 2026/07): 24 games (rounds≤3, skipped rows=0)
2026/07/20 11:55:27 no games exported for cEF87GPrzMS6 (HolyWar circle july 2026); skipped=0
event IYbdPrbmM0uF (Willen Games Warhammer 40,000 11th Edition Grand Tournament): 30 games (rounds≤5, skipped rows=0)
event Z12oMwKpIIou (Alpha Strike RTT 2026): 24 games (rounds≤3, skipped rows=0)
event dPKuYTuvejvU (40K UKTC RTT GT - 2Day 5 Rounds - The Macharian Crusade): 50 games (rounds≤5, skipped rows=0)
event 4tZW86cm2gZH (Miracle Dice Tournament): 18 games (rounds≤3, skipped rows=0)
event 7dFFYZF8wcFR (Imps Gaming + Hive City Gaming RTT July 2026): 42 games (rounds≤3, skipped rows=0)
2026/07/20 11:55:38 skip event SJ3DSUZoVg1F (Guernsey- Casual 40k Tournament): no pairings for first rounds — event may not have started
event TuPVBeLI3mxM (London Open Series - July): 97 games (rounds≤5, skipped rows=1)
event Y68krv43uEi4 (warhammer40k 2000 pt): 15 games (rounds≤3, skipped rows=0)
event 30DVu5YzOvfx (WH40K SWC: Qualifier 5 - July): 48 games (rounds≤3, skipped rows=0)
event VMoY4uG5zpsz (Winchester 40K GT - July 2026): 83 games (rounds≤5, skipped rows=1)
event mhJnSUwQ6Yvh (Tactical Operations July 2026 - One Day Warhammer 40K Tournament): 18 games (rounds≤3, skipped rows=0)
2026/07/20 11:55:55 skip event ro6y44naIwhw (Celsius 2026): no pairings for first rounds — event may not have started
event 1AC5uEv5kkLl (HFX Games: 40K 2026 - Jul): 28 games (rounds≤3, skipped rows=1)
event ffHpYXroqmK1 (GMG WARHAMMER 40K Tournament): 21 games (rounds≤3, skipped rows=3)
event vIupdIxqcjAh (Aetherforce Gaming Summer Siege Warhammer 40k GT): 100 games (rounds≤5, skipped rows=0)
event P81vgAdoYadj (Dice Like Ice 40K RTT - July 2026): 42 games (rounds≤3, skipped rows=0)
2026/07/20 11:56:07 skip event 32LLGT4knxf1 (40K Doubles Tournament at The Upkeep Games Howell): no pairings for first rounds — event may not have started
event 3GqmpdGtfN6A (Mecha Games 40K RTT): 18 games (rounds≤3, skipped rows=0)
2026/07/20 11:56:09 no games exported for 70AAgHWlEsyx (Lumpy's Garage Wargaming's Battle on the Bay); skipped=0
event GjxHNlX15yCF (NTE Rookie Tournament): 17 games (rounds≤2, skipped rows=2)
event HwhFoynx7dPO (The John's House Invitational 2): 55 games (rounds≤5, skipped rows=4)
event OPamBxQzohWo (Alternate Universes July Warhammer Tournament): 32 games (rounds≤3, skipped rows=0)
event RmHK5YVevTX6 (Waterloo Games 40K Road to NOVA GT Hosted by Away Games): 58 games (rounds≤5, skipped rows=3)
event WJIRhIX3JTm5 (Empire Games July RTT): 32 games (rounds≤3, skipped rows=0)
event ZtW8hQybuPyk (Toywiz 2K ITC - RTT): 37 games (rounds≤3, skipped rows=2)
event hdhzMMEtUExo (July 2026 Crossroads 40k RTT): 30 games (rounds≤3, skipped rows=0)
event isDvSHjGOhnp (Historicon 40K Road to NOVA GT Hosted by Away Games): 138 games (rounds≤5, skipped rows=2)
event l3y63NoHhOwU (Goonhammer 2026 Presented By Gaming Under the Ice): 153 games (rounds≤6, skipped rows=4)
event m4MHHkBUDYkz (The 1776 Tournament): 12 games (rounds≤3, skipped rows=3)
event mRmtkPoxeD0E (Trinity Hobby - RTT 11th 2000pts 40k Tournament - July 18th): 51 games (rounds≤3, skipped rows=2)
event nnzx97Uo4ZA1 (Battle at the Bridge 2026 Teams): 150 games (rounds≤5, skipped rows=2)
event vFAEezdkUojl (Warhammer 11th edition escalation / Learning league): 3 games (rounds≤1, skipped rows=3)
event vGtTP2NrMOMy (Fortress of Gaming W40k RTT 7/18/2026): 13 games (rounds≤3, skipped rows=0)
2026/07/20 11:56:53 no games exported for 6amCU2y6NlXm (Practice for The Salt City GT @ The Art Store); skipped=0
event MUa8DzCQYwAE (Bazooka Games - July 2k 40k Event): 17 games (rounds≤3, skipped rows=2)
event MkLRHvqdKteU (Games Unplugged 40k 11th Edition Tournament 2000pts July 18th): 18 games (rounds≤3, skipped rows=2)
event Qc4zhtntyoyw (40k 1k RTT (11th Ed. Kickoff)): 27 games (rounds≤3, skipped rows=1)
2026/07/20 11:56:59 skip event by9PoZ9j0q0o (AZ Bash: Tag Team Edition 2026): no pairings for first rounds — event may not have started
event 59jcLEsq7cFx (The O-Con-quest): 68 games (rounds≤5, skipped rows=1)
event 7yV5redgo64n (40K Store Tournament): 18 games (rounds≤3, skipped rows=0)
event CjRqg2wiIYkZ (Team Hobby Chest RTT): 20 games (rounds≤3, skipped rows=0)
event DwPmXKo0sUp4 (Dominatus League Event Part 1): 14 games (rounds≤2, skipped rows=0)
event E3KYaSYfnd0Y (BG2BG Warhammer 40K RTT): 34 games (rounds≤3, skipped rows=1)
event HWqV87fUwWdI (Hee Yaw 2026): 201 games (rounds≤6, skipped rows=1)
event HZ22PkaoPbqa (TBZ Warhammer 40k July Blitz 1k 7/18/26): 21 games (rounds≤3, skipped rows=0)
event IBjXmL5p3Pas (40k Store Tournament): 42 games (rounds≤3, skipped rows=0)
event J8By4KRQOoY0 (Mindgames and Magic July '26 RTT - ITC / LMC): 27 games (rounds≤3, skipped rows=2)
event SZecUtw2ifEC (July Tournament): 21 games (rounds≤3, skipped rows=3)
event T9fqMavYt86n (CM Games Cedar Bluff 2k Points 40k Tournament - July 2026): 24 games (rounds≤3, skipped rows=3)
2026/07/20 11:57:27 skip event UIeGc2XBYfm9 (Canceled- Waaaughterloo Slaaaghterloo): no pairings for first rounds — event may not have started
event YraVBoI9i0Il (July Warhammer): 21 games (rounds≤3, skipped rows=0)
event a5nh0wJOxzQn (Asgard Games July RTT): 15 games (rounds≤3, skipped rows=3)
2026/07/20 11:57:31 skip event eidUJFPC5yWG (Battleborn RTT July 2026): no pairings for first rounds — event may not have started
event iZN4Nc8r3TXk (G4L: 11th Beginner Tournament!): 29 games (rounds≤3, skipped rows=0)
event kt3zkRefvX11 (BK GAMES MONTHLY 40K RTT JULY 18TH): 15 games (rounds≤3, skipped rows=0)
event mMkUmS5H73M0 (Webway Games July RTT): 29 games (rounds≤3, skipped rows=2)
event nvR4CvOSxrfc (Comix Zone Warhammer 40,000 2000pt. ITC Event 7/18/26): 11 games (rounds≤3, skipped rows=1)
2026/07/20 11:57:39 skip event xUqmvBG8OEmx (Warhammer 11th Edition Doubles): no pairings for first rounds — event may not have started
event EVGzKMUUpu80 (Born 2 Game July 2026 RTT): 24 games (rounds≤3, skipped rows=0)
event SFFG1cFFTAdl (Nexus Game Lounge Denton Warhammer 40k RTT Tournament 7/18): 41 games (rounds≤3, skipped rows=0)
event bOMWnvnJSwVw (BattleBox Games Presents: Rules As Written): 24 games (rounds≤3, skipped rows=0)
event iACpxsV4YH9R (Second City Games GT July 18th and 19th 2026): 30 games (rounds≤5, skipped rows=2)
event lbWwKuOa14tB (Summer Slam 2026): 14 games (rounds≤3, skipped rows=0)
2026/07/20 11:57:49 skip event 1g5oqeqYIF7s (11th edition Doubles Tournament): no pairings for first rounds — event may not have started
event 4MRmGziJ8lnx (Dragon Egg Games 40k RTT - July): 12 games (rounds≤3, skipped rows=2)
event ECuyZlmXOWMx (Odins Place July 2026 RTT): 30 games (rounds≤3, skipped rows=2)
event K1JXnl075K4p (Springfield Summer Slam - Warhammer 40,000 Tournament): 21 games (rounds≤3, skipped rows=0)
event RHZzZ5vv8iWX (TWG First 11th Edition Tournament!): 18 games (rounds≤3, skipped rows=0)
2026/07/20 11:57:57 skip event g6uCFxFM7In5 (WarGamesCon presents: King of the Kastle July 2026): no pairings for first rounds — event may not have started
2026/07/20 11:57:57 no games exported for un8GgdlCRgcK (Warhammer 40k Non Tournament); skipped=0
2026/07/20 11:57:58 skip event xFYzG04faRZs (2v2 Doubles 40K 11th Ed RTT at Flip of a Coin Games): no pairings for first rounds — event may not have started
event IXDPaCqIu2sa (Game Vault El Paso 40k 2,000 Point July Tournament): 16 games (rounds≤3, skipped rows=0)
event ygD6moeq9dZO (3 Stooges 40K Team Tournament): 45 games (rounds≤3, skipped rows=0)
2026/07/20 11:58:03 skip event bqAaBZSj3hcz (CAJUELOPEN 2026): no pairings for first rounds — event may not have started
event d0OHGjYTDqog (Palm Springs Classic - Casual 40k GT): 40 games (rounds≤4, skipped rows=3)
event n1MHxaGoroMF (Palm Springs Classic - 40k GT): 338 games (rounds≤6, skipped rows=4)
event qRent1cakc7D (GE 40k RTT Jul. 2026): 18 games (rounds≤3, skipped rows=2)
event qsp1ngmB1vAo (Gaming Prince George Grand Tournament): 24 games (rounds≤5, skipped rows=4)
2026/07/20 11:58:24 skip event 71A86jorVZVs (GEG Twin-Linked 40k Tournament #4): no pairings for first rounds — event may not have started
event aqjYBzookY4k (July RTT at BattlePub): 39 games (rounds≤3, skipped rows=1)
event 3XXXpRa0s6Un (40k Warhammer competitive event): 14 games (rounds≤3, skipped rows=6)
event G7cxTH6asLwW (Windfall Games July 11th Ed RTT): 15 games (rounds≤3, skipped rows=0)
event O9J9n5kk67rc (40K Competitive League 2026 (Midland)): 1 games (rounds≤1, skipped rows=3)
event P3yQJ0YynUtL (Bonfire Games - Warhammer 40K ITC Tournament (July 18th)): 29 games (rounds≤3, skipped rows=1)
2026/07/20 11:58:32 skip event QfZA0x5ZQJTy (K.O.C TOURNAMENT series 4): no pairings for first rounds — event may not have started
event RMYsYDf56CQf (King of the Coliseum Tournament): 12 games (rounds≤4, skipped rows=2)
event dFM2CJSzuyxo (40k Competitive League 2026 (Lubbock)): 2 games (rounds≤1, skipped rows=8)
event govPaa7k5Tt3 (Hobby Forge July RTT): 14 games (rounds≤3, skipped rows=3)
event jqR6wnZvWjal (WH40k 2k 11th edition @ Green Tower Games): 9 games (rounds≤3, skipped rows=3)
event euc3NbsHkzwW (Tier 1 40K ITC 7/18/26): 14 games (rounds≤3, skipped rows=2)
2026/07/20 11:58:39 no games exported for nNHTQbzniYpD (500 Worlds 2026: Phase 3A); skipped=0
2026/07/20 11:58:40 skip event YyY8tVKYrgOA (GoL Escalation League): no pairings for first rounds — event may not have started
2026/07/20 11:58:42 no games exported for qBiZ02DymTT6 (Brisbane Lowrollers 11th League); skipped=12
2026/07/20 11:58:42 no games exported for 2FmUjWtm60fo (Warhammer40k - Fortnightly); skipped=4
2026/07/20 11:58:43 skip event vkYnlvhaRJ06 (1ª Liga 11ª Edição Warhammer 40000 - Vault 01): no pairings for first rounds — event may not have started
event T74WFXyUHH1p (General Games Highpoint Monthly Warhammer 40k Tournament July 19th): 12 games (rounds≤3, skipped rows=3)
2026/07/20 11:58:46 no games exported for rBWI2Hi6orPV (BOBAHAMMER); skipped=0
event CQYuG09RvYGy (Torneo Gladius Games 40k 1000 puntos): 18 games (rounds≤3, skipped rows=3)
event XME4TErfF0o7 (PWG Summer RTT 2026): 35 games (rounds≤3, skipped rows=2)
event suIHLGrNMrB7 (Road to 11th Edition Warhammer 40k - Dark Star Gaming 2000pts Tournament): 17 games (rounds≤3, skipped rows=3)
event ptRSrnVrj6VE (Outriders July 11th Edition 40k Tournament): 21 games (rounds≤3, skipped rows=1)
event ycNocd5nbcD8 (BFS Summer RTT 11th Edition): 36 games (rounds≤3, skipped rows=0)
event ApK8dYnpi7Ce (NaughtyK: Warhammer 40k RTT July (19/07/26)): 25 games (rounds≤3, skipped rows=0)
event ryiByX8EmJ4x (THE GRAND STRATEGIUM - JULY 2026 RTT): 26 games (rounds≤3, skipped rows=1)
event 6NZm1YbxcZII (Road to Armageddon League X): 9 games (rounds≤3, skipped rows=3)
event jSXd5eMGO8cA (2k Tournament): 15 games (rounds≤3, skipped rows=0)
event S8GcoFTjp276 (SAW July 2026 40K RTT): 13 games (rounds≤3, skipped rows=1)
event 7OaabWQex69e (Hexhammer 40K July Tournament): 15 games (rounds≤3, skipped rows=3)
event 8RzHqbcjmnMt (Warhammer 40k 11th edition): 21 games (rounds≤3, skipped rows=0)
event NZeqZrf8CIgS (DOMINATUS NARRATIVE EVENT — 40K 11TH EDITION): 8 games (rounds≤2, skipped rows=2)
event WprWQXTJlFqo (Mystic Forge Games 40K July RTT): 16 games (rounds≤3, skipped rows=1)
2026/07/20 11:59:32 skip event lQTPJeAIvUwl (40k Monthly tournament): no pairings for first rounds — event may not have started
event mrWmvdp8NieA (Combat Patrol Tournament- Clutch Gaming): 9 games (rounds≤3, skipped rows=0)
event op4Ve2K8LOTb (West Michigan Store vs Store): 24 games (rounds≤3, skipped rows=1)
2026/07/20 11:59:36 skip event E3ltlfJo38us (CEL 2026: Gambit for Skulls Doubles Tournament): no pairings for first rounds — event may not have started
2026/07/20 11:59:38 no games exported for UarU3rZpVBba (Liga Principal ~Wargames Adictos~ 5ª edición); skipped=12
event dL35iBg5vU6f (4 Myth games Armageddon launch): 11 games (rounds≤3, skipped rows=2)
2026/07/20 11:59:39 no games exported for h88NMnYb2DrR (TABLETOP HOBBIES 40K MATCHED PLAY PRACTICE); skipped=1
event vXXVFieyNndS (Java 11th Edition Release Tournament): 24 games (rounds≤3, skipped rows=0)
event Us4wGxepSf4l (Dragon's Hoard 40k 11th Edition Intro Tournament): 18 games (rounds≤3, skipped rows=0)
event bkeDFAMIJD8j (Gauntlet Games 40k Tournament - July 19, 2026): 15 games (rounds≤3, skipped rows=2)
2026/07/20 11:59:45 no games exported for m4WROJKqEU0Q (Summer Escalation League); skipped=0
event ABNjS6lzw1co (Once More into the Breach - Warhammer 40k 11th!): 21 games (rounds≤3, skipped rows=3)
event FRnv6kLa262R (Return of Beerhammer): 13 games (rounds≤3, skipped rows=0)
event SoNKHPMA18Wq (No Shoes Open - July): 17 games (rounds≤3, skipped rows=0)
event WKc3itAPclVi (Gator Games July Strike Force): 9 games (rounds≤3, skipped rows=0)
event brqxOvAFWgIt (MIDSUMMER MASSACRE): 28 games (rounds≤3, skipped rows=1)
2026/07/20 11:59:54 no games exported for 8ZMCnmROHrV0 (Liga de Reclutas ~Wargames Adictos~ 5ª edición); skipped=7
2026/07/20 11:59:54 no games exported for anPqc4x6eXc3 (Drop Bear Gaming Slow Grow League); skipped=12
2026/07/20 11:59:55 no games exported for W7bazDVQRsdU (11th Denizen Champions League 1 - July 2026); skipped=0
2026/07/20 11:59:56 no games exported for eo24EOiGE33K (11th Ed Denizen League - Skaredcast - July 2026); skipped=7
2026/07/20 11:59:57 skip event lz4XwpJnD4kI (Tabletop Republic 40K League Season 6 - Super League): no pairings for first rounds — event may not have started
2026/07/20 11:59:58 skip event yeJwDPQiYbJH (BC 40k League Season 13 -  Burnaby/New Westminster): no pairings for first rounds — event may not have started
2026/07/20 11:59:59 skip event qyGTXbfrLuU1 (BG Saugus Summer 40k League): no pairings for first rounds — event may not have started
2026/07/20 12:00:00 no games exported for t7pQ3inHWkcd (Escalation League 2026); skipped=5
2026/07/20 12:00:01 skip event 1LIoJyGk2gQE (40k Escalation League): no pairings for first rounds — event may not have started
2026/07/20 12:00:02 skip event Ft8r3D6plFmK (GP 11th Edition Slow Tournament): no pairings for first rounds — event may not have started
2026/07/20 12:00:03 no games exported for mcFlFjK2MHE0 (Dice Dojo Warhammer 40,000 11th Edition Learning League); skipped=38
2026/07/20 12:00:04 skip event 29yNF7YvJKuj (Warp Storm Radio - Online TTS League): no pairings for first rounds — event may not have started
2026/07/20 12:00:05 skip event glyDBkljJtCY (Good Games Newcastle - Warhammer 40K - 2K League 11th Ed July/August 2026): no pairings for first rounds — event may not have started
2026/07/20 12:00:06 skip event rAIr0w5PV6W9 (Good Games Newcastle - Slow Grow League - 750pts 11th Edition): no pairings for first rounds — event may not have started
2026/07/20 12:00:07 skip event zcXLfukid60N (40K FIGHT CLUB - Combat Patrol-Escalation LEAGUE): no pairings for first rounds — event may not have started
2026/07/20 12:00:08 no games exported for GULhmZfRv7S5 (Blue Rune 40k Escalation League); skipped=0
2026/07/20 12:00:09 skip event KnMewK6l3E7N (Fatboys 40K league season 3): no pairings for first rounds — event may not have started
2026/07/20 12:00:09 no games exported for P5AUc1Bseg8O (Warhammer Wednesday 40K - Random Pairings); skipped=0
2026/07/20 12:00:10 no games exported for l4JZ57VdDZc9 (Weekly Warhammer 40k - Fixed Pairings); skipped=0
2026/07/20 12:00:11 skip event MWQwfyMBkdgJ (League of Wildlings V): no pairings for first rounds — event may not have started
2026/07/20 12:00:12 skip event l2JOGUYhSelG (The League of Extraordinary Wildlings lV): no pairings for first rounds — event may not have started
2026/07/20 12:00:13 skip event i1SLmb63wouP (Vale Renegades Early Games): no pairings for first rounds — event may not have started
2026/07/20 12:00:14 skip event 8h6yS0HyMFFi (Otaku/KnoWhere 40k League-2k): no pairings for first rounds — event may not have started
2026/07/20 12:00:15 skip event 2mOdHtSqO7w7 (40k All Ireland Team Championship): no pairings for first rounds — event may not have started
2026/07/20 12:00:16 skip event clSAOk8xWykX (Tactical Chilli Championship 2026): no pairings for first rounds — event may not have started
2026/07/20 12:00:17 skip event SR9zz4gcXYTo (Shed Hammer - RTT): no pairings for first rounds — event may not have started
2026/07/20 12:00:18 skip event 0Uj7vzuKao6z (Warhammer 40k 2026 Store  Championship): no pairings for first rounds — event may not have started
2026/07/20 12:00:19 skip event ODU8DE9svwe9 (11th EDITION MAITLAND 2000pt Warhammer 40k Tournament): no pairings for first rounds — event may not have started
2026/07/20 12:00:20 skip event bc6q25kZRs1o (40K Tournament: Legend's of Time [July 25th] 11ED Rules): no pairings for first rounds — event may not have started
2026/07/20 12:00:21 skip event gJSTUxtI2W85 (Warhammer Tournament TOC Gotanda): no pairings for first rounds — event may not have started
2026/07/20 12:00:22 skip event j3x6q0Da9Jdq (Warhammer 40k 2000pt Tournament - Good Games Wollongong): no pairings for first rounds — event may not have started
2026/07/20 12:00:23 skip event oS8xjFbI3L7Q (Top Table Games Monthly RTT): no pairings for first rounds — event may not have started
2026/07/20 12:00:24 skip event cOi6M294WDfJ (Unigames 11th Edition Starter): no pairings for first rounds — event may not have started
2026/07/20 12:00:25 skip event 0zqgmYEQYXY3 (Battle of Hades Hive (5v5)): no pairings for first rounds — event may not have started
2026/07/20 12:00:26 skip event l8oQv6YqBULH (Armored Komodo Tournament: The XI-nos Threat): no pairings for first rounds — event may not have started
2026/07/20 12:00:27 skip event 6jXuC5ztaAj9 (Winter Clash 2026): no pairings for first rounds — event may not have started
2026/07/20 12:00:28 skip event oDWvE5MAOJqg (🏆 Warhammer 40k Random Draft Tournament ASTANA): no pairings for first rounds — event may not have started
2026/07/20 12:00:29 skip event STUvitSvhB9w (WH40k Ropecon GT 2026): no pairings for first rounds — event may not have started
2026/07/20 12:00:30 skip event IkfqXqsp3pDQ (H-Town Brawlhalla 2026 40K): no pairings for first rounds — event may not have started
2026/07/20 12:00:31 skip event virdZHA8Q0Ax (Team GCC: Headhunters Invitational): no pairings for first rounds — event may not have started
2026/07/20 12:00:32 skip event TrrcLH0XCyPU (75. WH40K Masters of the Universe): no pairings for first rounds — event may not have started
2026/07/20 12:00:33 skip event UVlaJjYADTC6 (I OPEN BASTION CIDIANO): no pairings for first rounds — event may not have started
2026/07/20 12:00:34 skip event 46Mk7G9qRTlI (Epicarium 2026 Július - WH40K): no pairings for first rounds — event may not have started
2026/07/20 12:00:35 skip event 8UvKoBSm2Yqg (Tolaris League 6): no pairings for first rounds — event may not have started
2026/07/20 12:00:36 skip event FS9MQKzrh71L (Summer clash 2026): no pairings for first rounds — event may not have started
2026/07/20 12:00:37 no games exported for gfLyUbeMDOYD (LeNDület Kupa VII 2026 július); skipped=0
2026/07/20 12:00:38 skip event tC9VpSFp0mku (Summer tournament): no pairings for first rounds — event may not have started
2026/07/20 12:00:39 skip event 4vlna2r1Qg2C (Rearguard Renegades Summer Open July '26): no pairings for first rounds — event may not have started
2026/07/20 12:00:40 skip event FRPPqpyvOHef (South Coast 40K July RTT “The Hammerhead”): no pairings for first rounds — event may not have started
2026/07/20 12:00:40 skip event uCgpirUKpos3 (D6 Games - The Bedford Bash II): no pairings for first rounds — event may not have started
2026/07/20 12:00:41 skip event 3hOByhrc4bHv (Battle of Boltstorm Armageddon): no pairings for first rounds — event may not have started
2026/07/20 12:00:42 skip event 6Fzzk8tXMQxz (WH40k event - Boltgun Tactics GT July 2026, hosted by Battleground UK): no pairings for first rounds — event may not have started
2026/07/20 12:00:43 skip event BNgRJ1NzwgLg (Battle of the East): no pairings for first rounds — event may not have started
2026/07/20 12:00:44 skip event C8t8B2seU3Xt (Versus Warhammer 40,000 - 10th Ed.  - 25 DE JULHO): no pairings for first rounds — event may not have started
2026/07/20 12:00:45 skip event HChuRjpiDqfd (Marquee Models 1,000 Point Tournament): no pairings for first rounds — event may not have started
2026/07/20 12:00:46 no games exported for I1LPR3wW377u (Rebel Recon); skipped=8
2026/07/20 12:00:47 no games exported for UNqFAg0tLSYW (Torneo de Exploradores 11); skipped=0
2026/07/20 12:00:48 skip event UzzKDVcsLJQM (Gothic Games Canterbury: Another July RTT): no pairings for first rounds — event may not have started
2026/07/20 12:00:49 skip event YD5LyymEsvGj (Bay of Wildlings Open I): no pairings for first rounds — event may not have started
2026/07/20 12:00:50 skip event apNea09Gb1BZ (Torneio Mensal - A Resistencia - Julho 2026): no pairings for first rounds — event may not have started
2026/07/20 12:00:51 skip event ccyNa4u1xU1q (SisHammer 40k): no pairings for first rounds — event may not have started
2026/07/20 12:00:52 skip event eQko0Du5KZoD (40k Brawl - July GT 2026): no pairings for first rounds — event may not have started
2026/07/20 12:00:53 skip event fCpBTCkJP7KD (40k Tournament 25th July): no pairings for first rounds — event may not have started
2026/07/20 12:00:54 skip event fub8l3Trj5U2 (The 2026 Summer Swordwind GT): no pairings for first rounds — event may not have started
2026/07/20 12:00:55 skip event ohv9oRUrNSy3 (Hobby Henchmen July GT): no pairings for first rounds — event may not have started
2026/07/20 12:00:56 skip event vf6PUFWDyL1P (Defiant To The Last II - Warhammer 40,000 Teams Event): no pairings for first rounds — event may not have started
2026/07/20 12:00:57 skip event w4vy7rNyKptn (Rising Phoenix Games - Ju;y): no pairings for first rounds — event may not have started
2026/07/20 12:00:58 skip event 1jf9yHky9oaL (1500 Point 40K Tournament): no pairings for first rounds — event may not have started
2026/07/20 12:00:59 skip event G2KtEaR6DuQN (Battle Brothers - Doubles RTT): no pairings for first rounds — event may not have started
2026/07/20 12:01:00 skip event b6VEAMMfZsP4 (XXII torneo 40k Tech&Games): no pairings for first rounds — event may not have started
2026/07/20 12:01:01 skip event 3pnPrcP1tICa (WARHAMMER 40K RTT - BAD MOON RUMBLE - BOROUGH 25TH JULY): no pairings for first rounds — event may not have started
2026/07/20 12:01:02 skip event DCz3bZUzxLje (Warhammer 40K RTT 25th July): no pairings for first rounds — event may not have started
2026/07/20 12:01:03 skip event EADhfYRIbfmm (BrewHammer GT 9): no pairings for first rounds — event may not have started
2026/07/20 12:01:04 skip event KhufRwmGxzDQ (Bguk Nemesis Gaming TTS League): no pairings for first rounds — event may not have started
2026/07/20 12:01:05 skip event wDqD5nrbL1YR (Molten Crown Tournaments - The Ashen Crusade): no pairings for first rounds — event may not have started
2026/07/20 12:01:06 skip event nDEbZmFhwsd8 (Forge of War: Opening Salvo): no pairings for first rounds — event may not have started
2026/07/20 12:01:07 skip event voXQL5IQY5vP (Battle Brothers: Warhammer 40,000 Doubles Tournament @ Wayland Games): no pairings for first rounds — event may not have started
2026/07/20 12:01:08 skip event ZtlmZlLOu4L3 (Grumpy Pony Masters League 2026 - Round 6): no pairings for first rounds — event may not have started
2026/07/20 12:01:09 skip event 3ffIYj4Opoyt (Chimera Gaming Warhammer 40K Grand Tournament - July 2026): no pairings for first rounds — event may not have started
2026/07/20 12:01:11 skip event 8TqhTdnmv6jv (Eastern Imperium Tower of Games July 2026 RTT): no pairings for first rounds — event may not have started
2026/07/20 12:01:12 skip event 8m9kDvUOqaHZ (Soulvaria Warhammer 40K Tournament): no pairings for first rounds — event may not have started
2026/07/20 12:01:13 skip event r7J1oM8xfSmt (40K 11th Edition 2 Day Tournament): no pairings for first rounds — event may not have started
2026/07/20 12:01:14 skip event zYOY4hsOy5aD (Red Dragon Presents: Summer 5's (40k 5 Player Teams Event - July 25/26 2026)): no pairings for first rounds — event may not have started
2026/07/20 12:01:15 skip event bB7LOArCwSMt (Warhammer 40K RTT at The Upkeep Games Ann Arbor): no pairings for first rounds — event may not have started
2026/07/20 12:01:16 skip event 7dsCQiDzifEL (Myth Warhammer 40k RTT): no pairings for first rounds — event may not have started
2026/07/20 12:01:17 skip event 8wN3PUYuvI5T (Meta Games July RTT): no pairings for first rounds — event may not have started
2026/07/20 12:01:18 skip event PvO5B18rV7Hp (The Green Man Invitational V: Erik's Birthday!): no pairings for first rounds — event may not have started
2026/07/20 12:01:19 skip event RwEanaqf8nsJ (Hogtown Summer Slam 2026): no pairings for first rounds — event may not have started
2026/07/20 12:01:20 skip event byu3jhBBoloR (Warhammer 40,000 Tournament July 25th 1000 Points): no pairings for first rounds — event may not have started
2026/07/20 12:01:21 skip event j4HOH9yABrdh (Trinity Hobby - RTT 11th 1000pts 40k Tournament - July 25th): no pairings for first rounds — event may not have started
2026/07/20 12:01:21 skip event x8AYkUYbcyud (Fun-n-Games '26 Summer GT): no pairings for first rounds — event may not have started
2026/07/20 12:01:22 skip event MckBvRy9ipzQ (Down to Game Inaugural Warhammer 40k 11th Edition RTT): no pairings for first rounds — event may not have started
2026/07/20 12:01:23 skip event whFW9gtV6Ovg (Nerd Store RTT: 11th Ed. 40K): no pairings for first rounds — event may not have started
2026/07/20 12:01:24 skip event 2qD4yxsvtnuW (TJ Cafe & Games July 40K RTT): no pairings for first rounds — event may not have started
2026/07/20 12:01:25 skip event 7b3Si5WdXzKY (Good AF Games 40k Quarterly (July)): no pairings for first rounds — event may not have started
2026/07/20 12:01:26 skip event 8a9n4G32hsa2 (Warhammer 40k 2000pt Doubles Tournament): no pairings for first rounds — event may not have started
2026/07/20 12:01:27 skip event KJiX09Ypk1JW (Hobby Chest 40k Narrative Event: Purge of Antagonis): no pairings for first rounds — event may not have started
2026/07/20 12:01:28 skip event OkmxDTyi0YFz (BenGamin Summer Tournament): no pairings for first rounds — event may not have started
2026/07/20 12:01:29 skip event QZ4bOpZhDeuz (July 2026 - Fallout Gaming Warhammer 40k RTT): no pairings for first rounds — event may not have started
2026/07/20 12:01:30 skip event XLOECMqGZgOh (HP Guild Games Monthly Tourney): no pairings for first rounds — event may not have started
2026/07/20 12:01:31 skip event acafJs8gwhGb (Arkham games frist 11th): no pairings for first rounds — event may not have started
2026/07/20 12:01:32 skip event bdc1kZhQg2RF (Nerd Lair Slidell Grand Opening): no pairings for first rounds — event may not have started
2026/07/20 12:01:33 skip event ekElzgrCun0P (Volo, IL 2026 Invitational): no pairings for first rounds — event may not have started
2026/07/20 12:01:34 skip event fmJNaYh5ViMH (Toy Soldier Games 2000pt 40K): no pairings for first rounds — event may not have started
2026/07/20 12:01:35 skip event onPGxXX9DqIp (Flipside Gaming 40k Monthly Event 07/25/2026): no pairings for first rounds — event may not have started
2026/07/20 12:01:36 skip event y1tfbE9F0NCp (War in the Wastelands Narrative): no pairings for first rounds — event may not have started
2026/07/20 12:01:37 skip event yO8Gt1p25CoN (Spring Escalation Capstone Tournament): no pairings for first rounds — event may not have started
2026/07/20 12:01:44 skip event 0ZeiX1ihhpig (Springs Thundercluckers July 25 RTT invitational): no pairings for first rounds — event may not have started
2026/07/20 12:01:45 skip event 0gxcTFkNQUIp (BERKSHIRE BATTLEGROUNDS RTT): no pairings for first rounds — event may not have started
2026/07/20 12:01:46 skip event 2Ck1K4tmISsa (Nexus Game Lounge Denton Warhammer 40k Doubles Tournament 7/25): no pairings for first rounds — event may not have started
2026/07/20 12:01:47 skip event BqlG2hCDSfmf (Nexus Game Lounge Wichita Falls Warhammer 40k Doubles Tournament 7/25): no pairings for first rounds — event may not have started
2026/07/20 12:01:48 skip event CpUeAhx4SStr (ForgeFire Open 2026): no pairings for first rounds — event may not have started
2026/07/20 12:01:49 skip event prw9YUMjJ8Lf (HoG hammer 11th Edition!): no pairings for first rounds — event may not have started
2026/07/20 12:01:50 skip event qYOtmeSE43zA (WH 40k 11th Ed 1k Tournament): no pairings for first rounds — event may not have started
2026/07/20 12:01:51 skip event 30tUFgVQe9H9 (Casual Summer Classic RTT 2026): no pairings for first rounds — event may not have started
2026/07/20 12:01:52 skip event 89uSUc0P5OVo (The Black Crusade Open XI): no pairings for first rounds — event may not have started
2026/07/20 12:01:53 skip event 8pYUyx0ymYck (Last Trick Bolivia World Qualifier 2026): no pairings for first rounds — event may not have started
2026/07/20 12:01:55 skip event DQNKmBnJutp2 (The Wyldlands Burns GT - Summer 2026): no pairings for first rounds — event may not have started
2026/07/20 12:01:56 skip event H8vOZAT1zLZh (BOISE CUP 40k 2026): no pairings for first rounds — event may not have started
2026/07/20 12:01:57 skip event QYycQh3bpgNS (July Hidden Lair 11th edition  tournament): no pairings for first rounds — event may not have started
2026/07/20 12:01:57 skip event YDyHjOsy9sRG (Miniature Manager July 40K Team Tournament): no pairings for first rounds — event may not have started
2026/07/20 12:01:58 skip event bnK2jV88WYiv (Warhammer 40k RTT): no pairings for first rounds — event may not have started
2026/07/20 12:01:59 skip event fYtoQSUmyKnn (Critical Hit Games Warhammer July 2026 RTT): no pairings for first rounds — event may not have started
2026/07/20 12:02:00 skip event fwtrCe6fxtSn (RCM: 11e Game Day - July 2026): no pairings for first rounds — event may not have started
2026/07/20 12:02:01 skip event iGhuOOhSlH8C (2000 pt ITC tournament - Warhammer 40k - July 25th): no pairings for first rounds — event may not have started
2026/07/20 12:02:02 skip event jsDcxx6otaWI (Nemesis 40k Summer 2026 Teams Edition Part 2 Electric Boogaloo): no pairings for first rounds — event may not have started
2026/07/20 12:02:03 skip event qqWit3YQiZxm (Torneo 2000 puntos Kiko Store): no pairings for first rounds — event may not have started
2026/07/20 12:02:04 skip event r9vSaIhXEfwq (Northern Maelstrom 2026 Warhammer 40,000 Grand Tournament): no pairings for first rounds — event may not have started
2026/07/20 12:02:05 skip event vQzt25VpTyom (Twisted Games July Rtt LMC): no pairings for first rounds — event may not have started
2026/07/20 12:02:06 skip event xNnVOfISvjzk (July 2v2 Tournament): no pairings for first rounds — event may not have started
2026/07/20 12:02:07 skip event CduXreQPLUE8 (40k Narrative Event - Forces of Da Waaagh! Xenos Signup): no pairings for first rounds — event may not have started
2026/07/20 12:02:08 skip event l3KJdEoy6zMN (40k Narrative Event - Imperial Defenders  Signup): no pairings for first rounds — event may not have started
2026/07/20 12:02:09 no games exported for 67PGUTej9vXF (Heroes 40K Casual Tournament); skipped=0
2026/07/20 12:02:10 skip event Sc1W7G2p99bz (Miniature Mayhem July 2026 at Phoenix Games): no pairings for first rounds — event may not have started
2026/07/20 12:02:11 skip event VPc808R8WQmK (Ptarmicon 1k Open Tournament): no pairings for first rounds — event may not have started
2026/07/20 12:02:12 skip event YSEEInVjeg8I (Sentinel Wargaming July RTT): no pairings for first rounds — event may not have started
2026/07/20 12:02:13 skip event bat5vGUwYGld (Gamescape North - July 40k RTT): no pairings for first rounds — event may not have started
2026/07/20 12:02:14 skip event ik52qIA9YuQN (Nexus July RTT 2026): no pairings for first rounds — event may not have started
2026/07/20 12:02:15 skip event k7aJIRbrKihI (“These Go To 11: Warhammer 40k RTT”): no pairings for first rounds — event may not have started
2026/07/20 12:02:16 skip event mv0JsN7wvzDt (J & J's Inaugural 11th Ed. Tournament): no pairings for first rounds — event may not have started
2026/07/20 12:02:17 skip event 044zFsiSh4tH (Gamers Guild July Super RTT - Invitational Ticket Winner!): no pairings for first rounds — event may not have started
2026/07/20 12:02:18 skip event CRCvivP1lgJE (Exeter Warhammer 40k): no pairings for first rounds — event may not have started
2026/07/20 12:02:19 no games exported for vQqnlQVI0wLc (WH 40k - Slow Grow 1750pts @ Green Tower Games); skipped=0
2026/07/20 12:02:20 skip event eDtjvaZg9Thj (Green Banner Odyssey Games July RTT April '26): no pairings for first rounds — event may not have started
2026/07/20 12:02:21 skip event JifzcTXc7po0 (Gordon's July Tournament): no pairings for first rounds — event may not have started
2026/07/20 12:02:22 skip event 4wKIccMw47Va (Cantinahammer 2): no pairings for first rounds — event may not have started
2026/07/20 12:02:23 skip event Slh4mBvAq2of (General Games Frankston - 40k Tournament (July)): no pairings for first rounds — event may not have started
2026/07/20 12:02:24 skip event A6gR276JBsVm (MtG Humphrey's Tabletop "Escalation League" Season 1): no pairings for first rounds — event may not have started
2026/07/20 12:02:25 skip event FAhj06aM1Sa8 (Chirnside Park Monthly Warhammer 40k Tournament - July 26th '26): no pairings for first rounds — event may not have started
2026/07/20 12:02:26 skip event Xx6SkWrqoK0h (StormBolter 40k Teams Tournament 07/26): no pairings for first rounds — event may not have started
2026/07/20 12:02:27 skip event ckJ0V8fuCeir (40k One Day July Tournament): no pairings for first rounds — event may not have started
2026/07/20 12:02:28 skip event kJrk1b4vaSHj (GG Canberra City - 40K Slow Grow League - 750pts): no pairings for first rounds — event may not have started
2026/07/20 12:02:29 skip event 072r9ioArplR (XVII Torneo Wargames Jaén): no pairings for first rounds — event may not have started
2026/07/20 12:02:30 skip event xwkPvMjvu9vK (Ludus Hammer XV - squadre da 3): no pairings for first rounds — event may not have started
2026/07/20 12:02:31 skip event NM3uJInhyP7Q (40k 2000p. 26 de Julio 2026): no pairings for first rounds — event may not have started
2026/07/20 12:02:32 skip event YUWy24GFyzWH (Y no conocerán el miedo): no pairings for first rounds — event may not have started
2026/07/20 12:02:34 skip event 0tGtcfpGdBxa (Summer Brawl 2026): no pairings for first rounds — event may not have started
2026/07/20 12:02:35 skip event SFUM8LkK1WS2 (Bay of Wildlings Doubles I): no pairings for first rounds — event may not have started
2026/07/20 12:02:36 skip event jFxwCmSGsVDl (July Lionsheart 40k Tournament): no pairings for first rounds — event may not have started
2026/07/20 12:02:37 skip event ovRpd2mNEVQp (Pete's Games July 2k Tournament): no pairings for first rounds — event may not have started
2026/07/20 12:02:38 skip event u2LuTC8Yr1bX (Underworld Gaming: Galaxy Purge): no pairings for first rounds — event may not have started
2026/07/20 12:02:39 skip event nylqaeeI3X1f (Mystic Games 11th Edition RTT): no pairings for first rounds — event may not have started
2026/07/20 12:02:40 no games exported for 0hpgLgO39hGa (YKT Bighammer); skipped=0
2026/07/20 12:02:41 skip event fbZewPjxcGVk (ICE HAMMER ITC RTT VIII - 2025/2026): no pairings for first rounds — event may not have started
2026/07/20 12:02:42 skip event P5aoJoQW1HOc (Knowhere 40k July Tournament): no pairings for first rounds — event may not have started
2026/07/20 12:02:43 skip event wgnDOAjny2VF (40k Doubles RTT at Games Ahoy!): no pairings for first rounds — event may not have started
2026/07/20 12:02:44 skip event wzsCqEuayNQj (Hobby Bunker Dominatus RTT): no pairings for first rounds — event may not have started
2026/07/20 12:02:45 skip event 74xQ25tVK1H6 (Hobby Trench WH40K RTT - JULY): no pairings for first rounds — event may not have started
2026/07/20 12:02:46 skip event 2OHFIQCUTBtB (Great Stories 40k July Tournament): no pairings for first rounds — event may not have started
2026/07/20 12:02:47 skip event 5qpK2Rh7HtrS (2026 Summer Seasonal): no pairings for first rounds — event may not have started
2026/07/20 12:02:48 skip event 842TpHTrcs4e (Monthly Fantasy Forged 40k RTT - July 26, 2026): no pairings for first rounds — event may not have started
2026/07/20 12:02:49 skip event GKiCg31SxxzT (July 2026 40K RTT: 1,000 points): no pairings for first rounds — event may not have started
2026/07/20 12:02:50 skip event GL6SRXgEpPiy (Warhammer 40,000 Dominatus Campaign: Operation Imperator): no pairings for first rounds — event may not have started
2026/07/20 12:02:50 skip event UtYBvkQjKTWl (CCC 2026 - July RTT): no pairings for first rounds — event may not have started
2026/07/20 12:02:51 skip event VUNxpZTJyL6S (Second City Games 40K Sunday RTT July): no pairings for first rounds — event may not have started
2026/07/20 12:02:52 no games exported for ql0Bu9hC5ksC (July 26th Warhammer 40k 2k!); skipped=0
2026/07/20 12:02:53 skip event YzG8aMgmg9TE (Warren Wizards July Tournament): no pairings for first rounds — event may not have started
2026/07/20 12:02:54 skip event 8xs2KEkpMdGf (GarageHammer July RTT): no pairings for first rounds — event may not have started
2026/07/20 12:02:55 skip event O8JvlNSZJy7S (GOLPES DE CALOR CON SABOR VOL.2): no pairings for first rounds — event may not have started
2026/07/20 12:02:56 no games exported for mXBlAJMRmi8H (Summer Escalation League); skipped=0
2026/07/20 12:02:57 skip event r6XeOmQPefOF (Castle of Games 10): no pairings for first rounds — event may not have started
2026/07/20 12:02:58 skip event Awgh7xc7pObQ (MAD 40k 11th Edition RTT 07.26.2026): no pairings for first rounds — event may not have started
2026/07/20 12:02:59 skip event L1tvmJCWQRX8 (Loaded Dice Warhammer 40K July RTT): no pairings for first rounds — event may not have started
2026/07/20 12:03:00 skip event Mi6IFCHW688x (Chimera Gaming 4 Person Team League - Summer/Fall 2026): no pairings for first rounds — event may not have started
2026/07/20 12:03:01 skip event 98ULawOnJg3h (NCG Summer 40k League): no pairings for first rounds — event may not have started
2026/07/20 12:03:02 skip event IiuS18POFui3 (SKG Store Championship 2026): no pairings for first rounds — event may not have started
2026/07/20 12:03:03 skip event Q3czmUGzw5a4 (Warhammer 40k Calgary Championship: Summer 2026): no pairings for first rounds — event may not have started
2026/07/20 12:03:04 skip event TmFrO4H1FM0L (ATWA RTT 2026): no pairings for first rounds — event may not have started
2026/07/20 12:03:05 skip event uWOuLe7jXEVF (York Garrison Wargaming Summer League): no pairings for first rounds — event may not have started
2026/07/20 12:03:06 no games exported for 9QnxBksPD3Y1 (A CASUAL EVENING INCURSION TOURNAMENT); skipped=0
2026/07/20 12:03:07 skip event jegvSoFjqS3K (Pandemonium 40K Escalation League): no pairings for first rounds — event may not have started
2026/07/20 12:03:08 skip event Pn9NJ9sSs44s (The Kent Major 2026 - Friday RTT): no pairings for first rounds — event may not have started
2026/07/20 12:03:09 skip event SypbMRvVld5E (The Kent Major 2026 - Friday Doubles): no pairings for first rounds — event may not have started
2026/07/20 12:03:10 skip event Vyepyi74TXnj (Disciples Battle for Cora 11th): no pairings for first rounds — event may not have started
2026/07/20 12:03:11 skip event MlehL0maTeSv (All Mana of Games 40k League Season Two): no pairings for first rounds — event may not have started
2026/07/20 12:03:12 skip event FxEp0x9QZrkE (Ragnarök GT 2026 - A Valkyrie Wargaming Event): no pairings for first rounds — event may not have started
2026/07/20 12:03:13 skip event Qh4Hq7FgVdUg (The Salt City GT 40K Grand Tournament): no pairings for first rounds — event may not have started
2026/07/20 12:03:14 skip event sI1kywxSGzP1 (Strike Force Armageddon Box League!): no pairings for first rounds — event may not have started
2026/07/20 12:03:15 skip event vrIOVGd6NzSV (RT 40K League Fall '26): no pairings for first rounds — event may not have started
2026/07/20 12:03:16 skip event hEIsboG2DgRw (Diceheads x Geeks Of Gosport Warhammer 40K League 3): no pairings for first rounds — event may not have started
2026/07/20 12:03:17 skip event tXMPUXzPtmvX (GreifenHammer Vereinsliga E11S1): no pairings for first rounds — event may not have started
2026/07/20 12:03:18 skip event aZlS6yg4rvKP (Obsec presents WATC 2026): no pairings for first rounds — event may not have started
2026/07/20 12:03:19 skip event p2xwSJuCGLUM (Learn to Play Warhammer 40k!): event p2xwSJuCGLUM: numberOfRounds=0 currentRound=0
2026/07/20 12:03:20 no games exported for xLDzpTb0YX1L (Warhammer 40000: 2026 Championship Monthly Tournament - Round 8); skipped=0
2026/07/20 12:03:21 skip event 3DCiVKNbkO2S (PP 1K Doubles: Battle Brothers): no pairings for first rounds — event may not have started
2026/07/20 12:03:22 skip event 6fMzHFHiehi3 (China Warhammer City Tournament 2026 Summer): no pairings for first rounds — event may not have started
2026/07/20 12:03:23 skip event aV2bn4G3gsK8 (Bgm Rookie League 2026): no pairings for first rounds — event may not have started
2026/07/20 12:03:24 skip event 0TihE3SQejpW (Fall Sequence Escalation League): no pairings for first rounds — event may not have started
2026/07/20 12:03:25 skip event C3Jg2VgriX5J (SG RTT August 2026): no pairings for first rounds — event may not have started
2026/07/20 12:03:26 skip event lM7Y3aMEMrDf (Жаркий августовский турнир в Ташкенте 2026): no pairings for first rounds — event may not have started
2026/07/20 12:03:27 skip event 7d9keeQ9fYuc (1. Freiburger Pronol-Cup): no pairings for first rounds — event may not have started
2026/07/20 12:03:28 skip event mc6OePDgNCqX (KREFELD MAJOR 40k 2026): no pairings for first rounds — event may not have started
2026/07/20 12:03:29 skip event 7bLz85hkSsD6 (Ludic World Qualifier 3): no pairings for first rounds — event may not have started
2026/07/20 12:03:30 skip event mK8PdmTn6t3x (Torneo 40K Empire Games XV): no pairings for first rounds — event may not have started
2026/07/20 12:03:31 skip event stEmFSbB4nVd (WG AUGUST 2026 GT - Warhammer 40k Tournament 2,000 Points): no pairings for first rounds — event may not have started
2026/07/20 12:03:32 skip event AhGRQA9qZ2EN (Bristol Vanguard's 2026 RTT): no pairings for first rounds — event may not have started
2026/07/20 12:03:33 skip event H93BtGo4L2al (Summer Hot Coffee Cup): no pairings for first rounds — event may not have started
2026/07/20 12:03:34 skip event HBkEKkvQ21gd (Dice & Bolter 40K League GT #3 @HobbyWorkshop - 1st August - 31st december): no pairings for first rounds — event may not have started
2026/07/20 12:03:35 skip event MtKya6bx8pYM (Grim Hussars & HTC 40K Tournament 08/2026): no pairings for first rounds — event may not have started
2026/07/20 12:03:36 skip event vyS00DRSlhPX (The Kent Major 2026): no pairings for first rounds — event may not have started
2026/07/20 12:03:37 skip event xcMYJIr4VVEU (Andrew Hollings Charity Doubles 2026): no pairings for first rounds — event may not have started
2026/07/20 12:03:38 skip event zCSVtY1ZkovR (40K RT Team League I): no pairings for first rounds — event may not have started
2026/07/20 12:03:39 skip event QeYvCA7gJKUI (40K Doubles at 7th City with Phoenix 40K): no pairings for first rounds — event may not have started
2026/07/20 12:03:40 skip event XBQ4rl2Q2Er1 (Incursion Events 40K Singles RTT 01/08/2026): no pairings for first rounds — event may not have started
2026/07/20 12:03:41 skip event LqT83eYcceOG (Manascrew Teams League): no pairings for first rounds — event may not have started
2026/07/20 12:03:42 skip event rRqmJ1qfMQjk (II GT Santa Brigida - Kanarian Open): no pairings for first rounds — event may not have started
2026/07/20 12:03:43 skip event 1shmaq4zTMZd (2608 Kawartha Open Twisted Aquila): no pairings for first rounds — event may not have started
2026/07/20 12:03:44 skip event np0SkiTzBw7R (Campeonato Warhounds 40K 2026): no pairings for first rounds — event may not have started
2026/07/20 12:03:45 skip event 1ynq9kP7NFjY (Grand Tournoi 40K - Grand Clash Édition Équipe 2026 (5v5)): no pairings for first rounds — event may not have started
2026/07/20 12:03:46 skip event 9vEeDrGMWkSt (Triple Cities 40K August RTT @ Dragon Master Games): no pairings for first rounds — event may not have started
2026/07/20 12:03:47 skip event YK4GiwJQEV73 (ITC 40K 11th Edition Doubles Tournament): no pairings for first rounds — event may not have started
2026/07/20 12:03:48 skip event goDUBalh3GTF (Immortals RTT August 2026): no pairings for first rounds — event may not have started
2026/07/20 12:03:50 skip event qKjmDqq7bgrU (Your Hobby Place Road to NOVA Hosted by Away Games): no pairings for first rounds — event may not have started
2026/07/20 12:03:51 skip event wUefZRql80sZ (Midgard August 2026 ITC Tournament): no pairings for first rounds — event may not have started
2026/07/20 12:03:51 no games exported for zL6NJstr50Pj (40k Apocalypse - Battle for Armageddon); skipped=0
2026/07/20 12:03:52 skip event 5WzkdqFbkEgY (Lazageddon Escalation League): no pairings for first rounds — event may not have started
2026/07/20 12:03:53 skip event Gdj9M5IeJEHI (Warhammer Gainesville - 40K Invitational Tournament): no pairings for first rounds — event may not have started
2026/07/20 12:03:55 skip event KC5xdiumKw0r (Fight Night August. Beat the heat stay inside and roll dice ): no pairings for first rounds — event may not have started
2026/07/20 12:03:56 skip event Kp5qxem4qZk3 (Denver 40K Fight Club Aug Open ‘26): no pairings for first rounds — event may not have started
2026/07/20 12:03:57 skip event QijA9zQIg92w (Battle for Mequon Q3 2026): no pairings for first rounds — event may not have started
2026/07/20 12:03:57 no games exported for TPYwRdz5PStZ (Conniving runtz' DOMINATUS); skipped=0
2026/07/20 12:03:58 skip event UzBlkaJJLswm (Green Dice Games August RTT): no pairings for first rounds — event may not have started
2026/07/20 12:04:00 skip event VAiZ9vjF61Rk (Lone Star Open 2026 - Warhammer 40k Champs): no pairings for first rounds — event may not have started
2026/07/20 12:04:01 skip event k3jmM4zMWSq9 (1000 pt 40k RTT. August 1st, 2026.): no pairings for first rounds — event may not have started
2026/07/20 12:04:02 skip event nCpPQvbWGyfD (Warhammer 40k Doubles Tournament @IMPACT): no pairings for first rounds — event may not have started
2026/07/20 12:04:03 skip event ndDnAGXoIJQZ (Warhammer August Invitational): no pairings for first rounds — event may not have started
2026/07/20 12:04:04 skip event DMfYwTKr4jUB (Firefly Warhammer 40k Aug 2026): no pairings for first rounds — event may not have started
2026/07/20 12:04:05 skip event RM2qIQNq3KXp (Roselle - Warhammer 40k August RTT 8/1/2025): no pairings for first rounds — event may not have started
2026/07/20 12:04:06 skip event 7ccoEY1xN3ZU (Gay on Tabletop Seasonal Tournament): no pairings for first rounds — event may not have started
2026/07/20 12:04:07 skip event RJyxutzfN8Np (BKGAMES 40K RTT AUGUST 1ST): no pairings for first rounds — event may not have started
2026/07/20 12:04:08 skip event WkAuEystYTjG (Last Chance MWTC Qualifier): no pairings for first rounds — event may not have started
2026/07/20 12:04:09 skip event jVB8aPnKB7VB (Top Tier Warhammer 40k RTT - August): no pairings for first rounds — event may not have started
2026/07/20 12:04:10 skip event 2TOUJoiU30WX (Warhammer 40k August Tournament): no pairings for first rounds — event may not have started
2026/07/20 12:04:11 skip event FsUTLwMyC5Ob (Modhammer): no pairings for first rounds — event may not have started
2026/07/20 12:04:12 skip event 2nPcyxMiMz5j (Gongaii RTT - Summer 2026): no pairings for first rounds — event may not have started
2026/07/20 12:04:13 skip event QHNWK8DHeL79 (Meads and Minis:  Trickery and Change): no pairings for first rounds — event may not have started
2026/07/20 12:04:14 skip event tJUCBEsicQf4 (Gamer's Haven August RTT 2026): no pairings for first rounds — event may not have started
2026/07/20 12:04:15 no games exported for kOaRBXq6pXP1 (Dicehammer - August 40k Doubles Event); skipped=0
2026/07/20 12:04:16 skip event llNYggUONLET (Psychic Psummer Pslugfest): no pairings for first rounds — event may not have started
2026/07/20 12:04:17 skip event 4574GGH4L9aY (EBL 11th Edition League 1.1): no pairings for first rounds — event may not have started
2026/07/20 12:04:18 skip event 9hxEY2fOuWwn (Great Escape RTT August (ITC Standard)): no pairings for first rounds — event may not have started
2026/07/20 12:04:19 skip event JKR71VcyCA79 (For The Win - 40K August RTT): no pairings for first rounds — event may not have started
2026/07/20 12:04:20 skip event QuVvawOUrQMf (Warhammer 40K Tournament @ Shuffle and Cut): no pairings for first rounds — event may not have started
2026/07/20 12:04:21 skip event W1SXR1AaKjtn (Baja Open): no pairings for first rounds — event may not have started
2026/07/20 12:04:22 skip event hhHcoVZBAxEl (Ssc league season 13): no pairings for first rounds — event may not have started
2026/07/20 12:04:23 skip event k9chi6aWEujk (Doomhammer Escalation League): no pairings for first rounds — event may not have started
2026/07/20 12:04:24 skip event yslSEoPWthNA (Tri-City Takedown August 2026): no pairings for first rounds — event may not have started
2026/07/20 12:04:25 skip event CnMQUrCeYmwL (OtherRealms Battle for Brew-mageddon): no pairings for first rounds — event may not have started
2026/07/20 12:04:26 skip event WMckByhmh0oX (Blyth Wargamers 40k League 2026): no pairings for first rounds — event may not have started
2026/07/20 12:04:27 skip event iXe2XuUxq75T (General Games Chirnside Combat Patrol Day - August 2nd '26): no pairings for first rounds — event may not have started
2026/07/20 12:04:29 skip event JeOoMl3nMsc5 (Shark Games Team Tournament 40k): no pairings for first rounds — event may not have started
2026/07/20 12:04:30 skip event zIv6xRDduSya (WARPHammer 11th Ed. RTT #2): no pairings for first rounds — event may not have started
2026/07/20 12:04:31 skip event k583XjU6Wrap (Ludic World Qualifier 2): no pairings for first rounds — event may not have started
2026/07/20 12:04:32 skip event ulqXBjtFDfdu (11th Edition Glasvegas Open RTT): no pairings for first rounds — event may not have started
2026/07/20 12:04:33 skip event tlbeV4JiRqsk (ZOP Practice Tournament): no pairings for first rounds — event may not have started
2026/07/20 12:04:34 skip event hIn82Sok51IP (Sophie's Fall Invitational): no pairings for first rounds — event may not have started
2026/07/20 12:04:35 skip event ecUWOLMh5Fom (E.M.W 11th Edition 40k League): no pairings for first rounds — event may not have started
2026/07/20 12:04:36 skip event RfRam9uTTPoO (Cavalier 1k 40k Tournament): no pairings for first rounds — event may not have started
2026/07/20 12:04:37 skip event XutTZzRF6SdQ (Hole in the Wall Hobbies August 2026 RTT): no pairings for first rounds — event may not have started
2026/07/20 12:04:38 no games exported for xpu2n2RYRrOa (Summer Escalation League); skipped=0
2026/07/20 12:04:39 skip event dGWMyHkqCXqQ (11th 1100 point tournament): no pairings for first rounds — event may not have started
2026/07/20 12:04:40 skip event SN6kvfFDbOJZ (The Realm 40k 2026 League): no pairings for first rounds — event may not have started
2026/07/20 12:04:41 skip event 19orzVmqE2A8 (Northern Boards 40k League): no pairings for first rounds — event may not have started
2026/07/20 12:04:42 skip event m41qu1n2uQb5 (MIB Models First 11th Ed League): no pairings for first rounds — event may not have started
2026/07/20 12:04:43 skip event 6C7fsq4RocJ4 (BC 40k League Vancouver Region - S13): no pairings for first rounds — event may not have started
2026/07/20 12:04:44 skip event FXDGrHUNni3M (BC 40k League Season 12): no pairings for first rounds — event may not have started
2026/07/20 12:04:45 skip event bREUsii32cT3 (BC 40k League Season 13 - North Vancouver): no pairings for first rounds — event may not have started
2026/07/20 12:04:45 skip event pDjjqxQ8Hcvt (Rearguard League): no pairings for first rounds — event may not have started
2026/07/20 12:04:46 skip event 9RAq6JYB5zLr (Warhammer League 12): no pairings for first rounds — event may not have started
2026/07/20 12:04:47 skip event n4RPistRExPL (Midweek Masters The one teacher's can make): no pairings for first rounds — event may not have started
2026/07/20 12:04:48 no games exported for yoCEfzgE1viK (Dicehammer Collective - Summer 40k Academy #3 (11th edition)); skipped=0
2026/07/20 12:04:49 skip event oLpMmIbQMOF1 (The 2026 Gateway Open 40K Teams Tournament): no pairings for first rounds — event may not have started
2026/07/20 12:04:50 skip event qIiEkQVJ1p4x (Steel City Games RTT - August): no pairings for first rounds — event may not have started
2026/07/20 12:04:51 skip event k4t8YB5cJ5bh (Warplings First 11th Tournament): no pairings for first rounds — event may not have started
2026/07/20 12:04:52 skip event LWtCxnKZ4zok (2026 Grim Series 7): no pairings for first rounds — event may not have started
2026/07/20 12:04:53 skip event YjjxHnKDfWY5 (Tasmanian Teams Championship 2026): no pairings for first rounds — event may not have started
2026/07/20 12:04:54 no games exported for ZdkbFtrcGJjV (⚔️ Heat of Battle ⚔️); skipped=0
2026/07/20 12:04:55 no games exported for NiiYXGFubzDW (Battle at Rössbo); skipped=0
2026/07/20 12:04:56 skip event LTXsy9XDFHE6 (Black Crow Gaming's Battle of the RAGNAR RTT! August): no pairings for first rounds — event may not have started
2026/07/20 12:04:57 skip event 1FTXwJYIJ7mc (40k Beginners Tournament 8th August): no pairings for first rounds — event may not have started
2026/07/20 12:04:58 skip event 5mUqnlV4G72G (GarageHammer: Out Of The Garage): no pairings for first rounds — event may not have started
2026/07/20 12:04:59 skip event 8G5SizDp632n (The Summer I. T. T. - INTERNATIONAL TEAM TOURNAMENT - August): no pairings for first rounds — event may not have started
2026/07/20 12:05:00 skip event DU2vcXWEPtzY (🔥Napalm Hobbies - 11th ED - SUMMER GT - 40K - ITC - ETC): no pairings for first rounds — event may not have started
2026/07/20 12:05:01 skip event lg9M0hQMtgt5 (Tournament 3: Shadow of the Hive Fleet): no pairings for first rounds — event may not have started
2026/07/20 12:05:02 skip event luyQKQJtHaOB (Geekfest - Summer Heat - Atlantic Team Championship): no pairings for first rounds — event may not have started
2026/07/20 12:05:03 skip event RgCbCvP3VBqb (Toronto Open Team Tournament): no pairings for first rounds — event may not have started
2026/07/20 12:05:04 skip event BIwVAdd5Huve (Doubles or Nothing 2v2 August 2026): no pairings for first rounds — event may not have started
2026/07/20 12:05:05 skip event KtOeoN0UAWWH (Gem City GT 2026): no pairings for first rounds — event may not have started
2026/07/20 12:05:06 skip event oTqTnV9ChN4c (Warhammer 40k: August RTT): no pairings for first rounds — event may not have started
2026/07/20 12:05:07 skip event pc88ZaA6S033 (August Recess 40k Tournament): no pairings for first rounds — event may not have started
2026/07/20 12:05:08 skip event zPNtlPCqg5jk (Iowaaagh! Moose-tacular 2026): no pairings for first rounds — event may not have started
2026/07/20 12:05:09 skip event EYwWWlN6d6rt (Caladrius Games August RTT): no pairings for first rounds — event may not have started
2026/07/20 12:05:10 skip event qUUfUdO18EW9 (Port City Rumble August@ Misfit Games): no pairings for first rounds — event may not have started
2026/07/20 12:05:12 skip event xtnGzpfxqtt9 (TTK's AUG RTT [2026]): no pairings for first rounds — event may not have started
2026/07/20 12:05:13 skip event df5g4Vr9W5e2 (Pangaea's Aug. 40K Tournament): no pairings for first rounds — event may not have started
2026/07/20 12:05:14 skip event lDBVv2L2iHvA (Tropical Storm 2026 RTT): no pairings for first rounds — event may not have started
2026/07/20 12:05:15 skip event AsGjsfmuxzuQ (Little Wars Doubles tournament): no pairings for first rounds — event may not have started
2026/07/20 12:05:15 skip event xfh5NHJMfMEt (40K RTT ITC): no pairings for first rounds — event may not have started
2026/07/20 12:05:16 skip event B4OPBImqjWNI (Grand Forks ComiCon Teams Event): no pairings for first rounds — event may not have started
2026/07/20 12:05:17 skip event ULRGI75fjFkq (Game Cafe August Warhammer 40k RTT): no pairings for first rounds — event may not have started
2026/07/20 12:05:19 skip event VGiVng3AjPdP (Warhammer 40k: Road to BOLTERCON RTT I): no pairings for first rounds — event may not have started
2026/07/20 12:05:20 skip event WYvRuTDvSzLl (August Warhammer 40K Rogue Trader): no pairings for first rounds — event may not have started
2026/07/20 12:05:21 skip event iPciGl3k3ah0 (Dragon Egg Games 40k RTT - August): no pairings for first rounds — event may not have started
2026/07/20 12:05:22 skip event xHdobABTIIOh (08 August 2026 - OWN's Onslaught RTT at Game HQ): no pairings for first rounds — event may not have started
2026/07/20 12:05:23 skip event zBAgdeBhm9mc (Sumrall Games Warhammer 40K RTT- August): no pairings for first rounds — event may not have started
2026/07/20 12:05:24 skip event xXG7Dtz598CS (The Utah Cup 2026 - Warhammer 40K): no pairings for first rounds — event may not have started
2026/07/20 12:05:25 skip event j8lCbaMfH63i (Warhammer Midsummer Tournament): no pairings for first rounds — event may not have started
2026/07/20 12:05:25 skip event 6KPwiOj8beyP (FLG Monthy RTT - August 2026): no pairings for first rounds — event may not have started
2026/07/20 12:05:26 skip event 7vplW3CMTZ5n (PHC Narrative Campaign): no pairings for first rounds — event may not have started
2026/07/20 12:05:28 skip event sOQaGsScz1KD (Throne of War Team Tournament 2026): no pairings for first rounds — event may not have started
2026/07/20 12:05:28 skip event 7vMrlgMGvvLs (Lords of Aros 2026 #3 Team edition): no pairings for first rounds — event may not have started
2026/07/20 12:05:29 skip event RHbeM1lUz2X1 (Atreus Cup - augusztusi forduló): no pairings for first rounds — event may not have started
2026/07/20 12:05:31 skip event kM9aFIlt6g81 (MLG Doubles 2026): no pairings for first rounds — event may not have started
2026/07/20 12:05:31 skip event 7qPOjr8S6TBF (Black Tower Wargaming August Warhammer 40k RTT): no pairings for first rounds — event may not have started
2026/07/20 12:05:32 skip event ny5R746zYp5V (TORNEO WARHAMMER 40k - MAGIC HAMMER - 2000pt): no pairings for first rounds — event may not have started
2026/07/20 12:05:33 skip event VbLj8K9ZHzlG (HOBBY HOLE AUGUST RTT): no pairings for first rounds — event may not have started
2026/07/20 12:05:34 skip event 97q87QxyLoAt (Aylesbury Underhive League 4): no pairings for first rounds — event may not have started
2026/07/20 12:05:36 skip event ChZP41nemm16 (WTC Warmaster GT 2026): no pairings for first rounds — event may not have started
2026/07/20 12:05:37 skip event 8s9skv8CT7Ug (WTC WH40K 2026): no pairings for first rounds — event may not have started
2026/07/20 12:05:38 skip event F9W5k6y6Xk9Q (Gothic Games Canterbury: Friday August RTT): no pairings for first rounds — event may not have started
2026/07/20 12:05:39 skip event DDWx1k9Dsghl (Rat Trader Tournament 37): no pairings for first rounds — event may not have started
2026/07/20 12:05:40 skip event uFfEwjaZruyZ (MtG Humphreys Tabletop Brew and Battle presents the "AUGUST" 40k RTT): no pairings for first rounds — event may not have started
2026/07/20 12:05:41 no games exported for bGoTxdGpfGlv (Plenty of Games 40k Doubles Tournament - August); skipped=0
2026/07/20 12:05:42 skip event cBMY9QOKR6Wo (Dukkehammer Q3A): no pairings for first rounds — event may not have started
2026/07/20 12:05:43 skip event E2nBro3WxLdt (MMG: 40K RTT AUGUST 2026): no pairings for first rounds — event may not have started
2026/07/20 12:05:44 skip event JKBwpq08QEKM (40K's Smashing Summer Tournament): no pairings for first rounds — event may not have started
2026/07/20 12:05:45 skip event fDWhJgaYnLsS (Oxford Onslaught Major 40k): no pairings for first rounds — event may not have started
2026/07/20 12:05:46 skip event mexrz2h1Nesl (Willen Games Warhammer 40,000 August RTT): no pairings for first rounds — event may not have started
2026/07/20 12:05:47 skip event 1SvkXz28myub (Gothic Games Canterbury: August RTT): no pairings for first rounds — event may not have started
2026/07/20 12:05:48 skip event GdqimyyMA7Kq (August RTT at Northern Alliance Games): no pairings for first rounds — event may not have started
2026/07/20 12:05:49 skip event L3Np9FjH1ni5 (South Yorkshire Teams 2026): no pairings for first rounds — event may not have started
2026/07/20 12:05:50 skip event P5SPaDPkFDjh (SpeyHammer - Aug 2026): no pairings for first rounds — event may not have started
2026/07/20 12:05:51 skip event i11MCWhyRZEC (2 Day 2K Warhammer 40K Tournament): no pairings for first rounds — event may not have started
2026/07/20 12:05:52 skip event Z8Drg1i5NJs0 (Tactical Operations Aug 2026 - One Day Warhammer 40K Tournament): no pairings for first rounds — event may not have started
2026/07/20 12:05:53 skip event t9zHvJZWiDBv (Combat Patrol Tournament): no pairings for first rounds — event may not have started
2026/07/20 12:05:54 skip event eqVVlEUASJH8 (The Upkeep Games GT I 2026): no pairings for first rounds — event may not have started
2026/07/20 12:05:55 skip event kKOsCtJAEedH (Game Knight Leagues - Warhammer 40k Tournament): no pairings for first rounds — event may not have started
2026/07/20 12:05:56 skip event Gs24ZPJgnl2z (Alternate Universes August Warhammer Tournament): no pairings for first rounds — event may not have started
2026/07/20 12:05:57 skip event MdXXmce9VnNf (Jersey's Cards and Comics 40k Tournament): no pairings for first rounds — event may not have started
2026/07/20 12:05:58 skip event NTGSibu66oh3 (Summer Slaughter: Warhammer 40K Grand Tournament): no pairings for first rounds — event may not have started
2026/07/20 12:05:58 skip event Rkq2p18bW4c5 (August 2026 Crossroads 40k RTT): no pairings for first rounds — event may not have started
2026/07/20 12:05:59 no games exported for fc1hUKB9pgIR (Annual Battlegrounds Mega Battle); skipped=0
2026/07/20 12:06:00 skip event lhx2sMvXwjfq (Sanctuary Grand Opening RTT): no pairings for first rounds — event may not have started
2026/07/20 12:06:01 skip event uGmqpxrQRbPW (TNT at Nashcon): no pairings for first rounds — event may not have started
2026/07/20 12:06:02 skip event IVqphzAjsvnn (Bazooka Games - August 2k 40k Event): no pairings for first rounds — event may not have started
2026/07/20 12:06:03 skip event 40KaUZ5P1Vd8 (The End Games: 11th Edition RTT): no pairings for first rounds — event may not have started
2026/07/20 12:06:04 skip event 9uVowpbRZcFF (Webway Games August RTT): no pairings for first rounds — event may not have started
2026/07/20 12:06:05 skip event AMZKLhZBPRCK (15 August 2026 - OWN's Onslaught RTT at Wizards Asylum): no pairings for first rounds — event may not have started
2026/07/20 12:06:06 skip event MveGm9kfjwiQ (21st Legion Wargaming Presents: Heart of War 2026 40K hosted by Away Games): no pairings for first rounds — event may not have started
2026/07/20 12:06:07 skip event eFSgoTTXvQYl (NSO 2026): no pairings for first rounds — event may not have started
2026/07/20 12:06:08 skip event j38G6mgUMYIY (Warhammer 40k RocHard GT 2026): no pairings for first rounds — event may not have started
2026/07/20 12:06:09 skip event xCNiu9nXpm7u (2k Battle at the B's): no pairings for first rounds — event may not have started
2026/07/20 12:06:10 skip event yVJtrEvkwa0B (Summer Showdown Warhammer 40K GT): no pairings for first rounds — event may not have started
2026/07/20 12:06:11 skip event GAi8wJtMYU7U (Born 2 Game August 2026 40K RTT): no pairings for first rounds — event may not have started
2026/07/20 12:06:12 skip event IriMuzAqxAPG (Nexus Game Lounge Warhammer 40k RTT 8/15): no pairings for first rounds — event may not have started
2026/07/20 12:06:13 skip event ekugGKFD1ewM (AUGUST PERSEPHONE WARHAMMER RTT): no pairings for first rounds — event may not have started
2026/07/20 12:06:14 skip event rhKdWb67rAhW (WARHAMMER 40,000 - 2026 RTT): no pairings for first rounds — event may not have started
2026/07/20 12:06:15 skip event D8Vo7vWjMvH3 (2D6 Games August RTT): no pairings for first rounds — event may not have started
2026/07/20 12:06:16 skip event Mz8ZkMuPmbL5 (Titan Games - August 2026 RTT): no pairings for first rounds — event may not have started
2026/07/20 12:06:17 no games exported for r9FM7GGTjMb2 (Narrative 40k - Battlezone: Armageddon); skipped=0
2026/07/20 12:06:18 skip event yFDVl3uSzBIb (Warhammer 40K 2000pt RTT): no pairings for first rounds — event may not have started
2026/07/20 12:06:19 skip event 16eOLIYGXHzh (Grillin' Dice GT 2026): no pairings for first rounds — event may not have started
2026/07/20 12:06:20 skip event Bp0BWlReFAFb (WinCon 2026 - Day 1): no pairings for first rounds — event may not have started
2026/07/20 12:06:21 skip event Pa4TphNTwuIk (Spruce City Grand Tournament): no pairings for first rounds — event may not have started
2026/07/20 12:06:22 skip event h2Pbnfp5YwYF (GE 40k RTT Aug. 2026): no pairings for first rounds — event may not have started
2026/07/20 12:06:23 skip event jM95zo0PDtsm (Intro to 11th Casual Tournament): no pairings for first rounds — event may not have started
2026/07/20 12:06:24 skip event xvap6DvEjQjX (40K Doubles Tournament): no pairings for first rounds — event may not have started
2026/07/20 12:06:25 skip event 1viTkttTpmN4 (WH40k 2k 11th edition @ Green Tower Games): no pairings for first rounds — event may not have started
2026/07/20 12:06:26 skip event KYs6v3eGlt3Y (Hammer of Wrath GT): no pairings for first rounds — event may not have started
2026/07/20 12:06:27 skip event MKy4FCPCbyKf (K.O.C TOURNAMENT series 5): no pairings for first rounds — event may not have started
2026/07/20 12:06:28 skip event PORegAvwLtGE (Geeky Teas and Games Strike Force RTT (Waaagh Summer)): no pairings for first rounds — event may not have started
2026/07/20 12:06:29 skip event X4jrI9bTcE0e (Dukkehammer Q3B): no pairings for first rounds — event may not have started
2026/07/20 12:06:30 skip event aBxmAHUOU8df (MM Hammertime RTT): no pairings for first rounds — event may not have started
2026/07/20 12:06:31 skip event bphbvo0UDUAU (True North RTT - 16th August 2026): no pairings for first rounds — event may not have started
2026/07/20 12:06:32 skip event 7JXC4AtUUsF3 (Winchester 40K RTT - August 2026): no pairings for first rounds — event may not have started
2026/07/20 12:06:33 skip event rcNTCxhhRKQD (SPEEDHAMMER!!! REFORGED): no pairings for first rounds — event may not have started
2026/07/20 12:06:34 skip event 19C0CiYArHEt (ICE HAMMER ITC RTT IX - 2025/2026): no pairings for first rounds — event may not have started
2026/07/20 12:06:38 skip event 4HggaqO0NNoQ (Warhammer 40k 11th edition): no pairings for first rounds — event may not have started
2026/07/20 12:06:44 skip event VdKdZNtNKU4c (Mystic Forge Games 40K 2v2 RTT): no pairings for first rounds — event may not have started
2026/07/20 12:06:45 skip event InrQwGKuuxa6 (4 Myth double tournament): no pairings for first rounds — event may not have started
2026/07/20 12:06:46 skip event Rk8jMX40buOR (Battle for the Bay | Armada Games RTT 8/16!): no pairings for first rounds — event may not have started
2026/07/20 12:06:47 skip event IgN8eAEk3Ys8 (WinCon 2026 - Day 2): no pairings for first rounds — event may not have started
2026/07/20 12:06:48 skip event i7Uz7UUZqOno (BAtB (Battle Above the Brynderwyns)): no pairings for first rounds — event may not have started
2026/07/20 12:06:49 skip event 3KdLrVJuymZ1 (Krootcon 2026): no pairings for first rounds — event may not have started
2026/07/20 12:06:50 skip event aLOYb1uZTRJp (Warhammer 40k : Armageddon  2000pts  [19th of August 2026]): no pairings for first rounds — event may not have started
2026/07/20 12:06:51 skip event z0Adbd1FsQLr (ITA 40K SINGLES GT AUGUST 2026): no pairings for first rounds — event may not have started
2026/07/20 12:06:52 skip event LccsBxUjyzMK (2. Outer World Carnage Cup): no pairings for first rounds — event may not have started
2026/07/20 12:06:53 skip event 1rftPG6I31cN (Zaanhammer Narrative: Dominatus): no pairings for first rounds — event may not have started
2026/07/20 12:06:54 skip event Ji4DvjRFnn5M (IV Torneo circuito KapuaKaudillo 2026): no pairings for first rounds — event may not have started
2026/07/20 12:06:55 skip event 9KCXfBlzrC3x (Gothic Games Canterbury: August Trios RTT): no pairings for first rounds — event may not have started
2026/07/20 12:06:56 skip event cVZ3gKkpQagV (Marquee Models 1,000 Point Tournament): no pairings for first rounds — event may not have started
2026/07/20 12:06:57 skip event eYmNYc5v0kyS (WH40k event - Boltgun Tactics RTT Aug2026, hosted by Battleground UK): no pairings for first rounds — event may not have started
2026/07/20 12:06:58 skip event oByLkrHBSOq8 (40K Tournament 22nd August): no pairings for first rounds — event may not have started
2026/07/20 12:06:59 skip event AsoDriWSMOFc (DUNGEONS AND DONUTS - AUGUST 2026 RTT): no pairings for first rounds — event may not have started
2026/07/20 12:07:00 skip event g8vevl1rCzTh (Warhammer 40K Onslaught 2026): no pairings for first rounds — event may not have started
2026/07/20 12:07:01 skip event EM4JPQ4MgvsY (Armageddon - Warhammer 40k 11th 2K Tournament): no pairings for first rounds — event may not have started
2026/07/20 12:07:02 skip event HHcX3LugbmFt (Battle Forged RTT): no pairings for first rounds — event may not have started
2026/07/20 12:07:03 skip event IhAveKvbqut0 (Palladium Games Presents the NOVA Prep GT): no pairings for first rounds — event may not have started
2026/07/20 12:07:04 skip event MHeghxHlcMxf (Rusty Scabbard and Rogues Realm Singles Tournament): no pairings for first rounds — event may not have started
2026/07/20 12:07:05 skip event f3Em1efX5AzR (Rusty Scabbard and Rogues Realm Singles Tournament): no pairings for first rounds — event may not have started
2026/07/20 12:07:06 skip event sHpZwnpr8gtT (Versus Games GT Hosted by Away Games): no pairings for first rounds — event may not have started
2026/07/20 12:07:06 skip event nNTQiCL8GeWv (2000 pt 40k RTT August 22nd, 2026.): no pairings for first rounds — event may not have started
2026/07/20 12:07:08 skip event 1QsYx7784TDn (GUTI - Doublehammer Throwdown - Aug 2026): no pairings for first rounds — event may not have started
2026/07/20 12:07:08 skip event CxkFC26ZuH2L (22 & 23 August 2026 - OWN's Breaking Point GT at DZ Comics ): no pairings for first rounds — event may not have started
2026/07/20 12:07:09 no games exported for FcFOIcDDrTqQ (Communication Breakdown 40K Narrative); skipped=0
2026/07/20 12:07:10 skip event Wo8YO2A5cGDP (King of Kings (Narrative Event)): no pairings for first rounds — event may not have started
2026/07/20 12:07:11 skip event cY3unoARV1Rb (Warhammer 40k 2000pt Tournament): no pairings for first rounds — event may not have started
2026/07/20 12:07:12 skip event jIg0v8fz17sc (TJ Cafe & Games August 40K RTT): no pairings for first rounds — event may not have started
2026/07/20 12:07:13 skip event mzLIdpafmJhP (Fall Escalation League): no pairings for first rounds — event may not have started
2026/07/20 12:07:14 skip event 9R3aJZqK6JgX (Second City Games GT August 22nd and 23rd 2026): no pairings for first rounds — event may not have started
2026/07/20 12:07:15 skip event c6YvueenGM8h (Nexus Game Lounge Denton Warhammer 40k RTT Tournament 8/22): no pairings for first rounds — event may not have started
2026/07/20 12:07:16 skip event wCVMuKrCqQjf (BERKSHIRE BATTLEGROUNDS RTT): no pairings for first rounds — event may not have started
2026/07/20 12:07:17 skip event 2DSNBpcw5EMo (Edmonton Wargaming Open 2026): no pairings for first rounds — event may not have started
2026/07/20 12:07:18 skip event 3jiPqUzjfALr (Smite Club Open 2026 - 40K Worlds Qualifier 40K & Fundraiser GT): no pairings for first rounds — event may not have started
2026/07/20 12:07:19 skip event NuAyYjqWW1Hp (New Mexico's 5v5 Teams Tournament Hosted by Pile of Games): no pairings for first rounds — event may not have started
2026/07/20 12:07:20 no games exported for g9ru4NrtW3e3 (The Cheesemen of the Apocalypse Invitational 2026 NUMBER 2); skipped=0
2026/07/20 12:07:21 skip event REOFyxKIbHPg (ProSoul Open GT): no pairings for first rounds — event may not have started
2026/07/20 12:07:22 skip event mUGzzkNqgj9n (Parme-Warlords GT Puebla 2): no pairings for first rounds — event may not have started
2026/07/20 12:07:23 skip event O1R2pEvE4at8 (The Sandbox Bookstore & Games August Scramble): no pairings for first rounds — event may not have started
2026/07/20 12:07:24 skip event 7p30nvQarZ9j (Inaugural Warhammer 40k): no pairings for first rounds — event may not have started
2026/07/20 12:07:25 skip event aeYT4WDdrIpb (Marcus Miniatures 40K Rumble Season 7 Opener): no pairings for first rounds — event may not have started
2026/07/20 12:07:25 no games exported for 2rfCUN4DUdwM (LeNDület Kupa 2026 augusztus); skipped=0
2026/07/20 12:07:26 skip event b9sOAdAFWHE0 (D6 Games 40K Teams RTT): no pairings for first rounds — event may not have started
2026/07/20 12:07:27 skip event 1fytfqOYyolg (NaughtyK: Warhammer 40k RTT August (23/08/26)): no pairings for first rounds — event may not have started
2026/07/20 12:07:28 skip event KG8J7g1rcuH2 (Hive City Gaming RTT August 2026): no pairings for first rounds — event may not have started
2026/07/20 12:07:29 skip event qT9ifPefy0pC (TWGG Fall Initiate League): no pairings for first rounds — event may not have started
2026/07/20 12:07:30 skip event wyZCINSVubt9 (TWGG Fall Chapter League): no pairings for first rounds — event may not have started
2026/07/20 12:07:31 skip event N9vloXkyqhRO (FDB Championship 8 de 8): no pairings for first rounds — event may not have started
2026/07/20 12:07:32 skip event 6EOfqM1ViG9i (11th Edition Mission: Attrition): no pairings for first rounds — event may not have started
2026/07/20 12:07:33 skip event syV29kuJRTQR (Crit Happens Warhammer 40k - The Crucible - 11th edition league): no pairings for first rounds — event may not have started
2026/07/20 12:07:34 skip event iHFUIZp8SxaC (11ed North Opening): no pairings for first rounds — event may not have started
2026/07/20 12:07:35 skip event QyL6C70hyLbN (Ottawa Gaming Convention 40k Champs): no pairings for first rounds — event may not have started
2026/07/20 12:07:36 skip event 4Z32AV00eknC (Tabletop Elite Open - TEO-5): no pairings for first rounds — event may not have started
2026/07/20 12:07:37 skip event sudacxAOMTJh (TC Team Championship 2026): no pairings for first rounds — event may not have started
2026/07/20 12:07:38 skip event KyHBnDiWa1s7 (Waranon - Quartermasters 4): no pairings for first rounds — event may not have started
2026/07/20 12:07:39 skip event 1JKwnHuQIxFU (Chilli Master Series): no pairings for first rounds — event may not have started
2026/07/20 12:07:40 skip event NKpNLaT0Y1P3 (Shed Hammer - RTT): no pairings for first rounds — event may not have started
2026/07/20 12:07:41 no games exported for RodJIF0nWTC2 (Plenty of Games: 40k 1000pt Organised Play - August); skipped=0
2026/07/20 12:07:42 skip event 93hxea98TmX1 (La Voz Open 2026): no pairings for first rounds — event may not have started
2026/07/20 12:07:43 skip event 23mtDEEnSjaw (77. WH40K Masters of the Universe): no pairings for first rounds — event may not have started
2026/07/20 12:07:44 skip event wDh649SE8NhF (Skövde Battle Forge VIII): no pairings for first rounds — event may not have started
2026/07/20 12:07:45 skip event UGpswm1DZBc1 (D6 Games Champion of Champions Event!- Invitational): no pairings for first rounds — event may not have started
2026/07/20 12:07:46 skip event 1Q9KlhmiOuvD (SWC WARHAMMER 40k TOURNAMENT): no pairings for first rounds — event may not have started
2026/07/20 12:07:47 skip event ElTJKyxzhz70 (ALL STARS August - Hellstorm's 40K Tournament Series 2026): no pairings for first rounds — event may not have started
2026/07/20 12:07:48 skip event NHC5wl5wEqf3 (GWC Warhammer 40k Ironman #1): no pairings for first rounds — event may not have started
2026/07/20 12:07:49 skip event OjsltAZys3Mi (LeNDület&Atreus 2026 augusztus): no pairings for first rounds — event may not have started
2026/07/20 12:07:50 skip event i3JaBIA15sYJ (That 6++ RTT: Bonus Series 1): no pairings for first rounds — event may not have started
2026/07/20 12:07:51 skip event jN4D1Ez6EKXR (Swordwind XVI): no pairings for first rounds — event may not have started
2026/07/20 12:07:52 skip event kThwxgMsp50s (Gridiron Gaming Presents "Battle for the Golden Throne" - 40k Teams): no pairings for first rounds — event may not have started
2026/07/20 12:07:53 skip event 1PpZD9LRYLI6 (Exploding Dice 40K GT 2026): no pairings for first rounds — event may not have started
2026/07/20 12:07:54 skip event 0lC8iAGyXKin (WGS| Warhammer 40,000 GT SAT 29TH & SUN 30TH AUGUST): no pairings for first rounds — event may not have started
2026/07/20 12:07:55 skip event IyuOPwnirzhj (Vault Hammer 40k RTT August 29th): no pairings for first rounds — event may not have started
2026/07/20 12:07:56 skip event yJerX5gk5t5g (🔥NAPALM HOBBIES - TRIO TEAMS - TRINITY FLAME - 40K - ETC - ITC): no pairings for first rounds — event may not have started
2026/07/20 12:07:57 skip event GfcbVzJ1z4fx (HFX Games: 40K 2026 - Aug): no pairings for first rounds — event may not have started
2026/07/20 12:07:58 skip event aBobsrUqc6wf (TTK's The Teeming (w/ Teams)): no pairings for first rounds — event may not have started
2026/07/20 12:07:59 skip event EpLEFqo72hhK (JAC Games Instore RTT): no pairings for first rounds — event may not have started
2026/07/20 12:08:00 skip event 4NMbXFROg8oT (HWP Saltier Classic GT 2026 (August)): no pairings for first rounds — event may not have started
2026/07/20 12:08:01 skip event CYfwAE1MfMPo (Red Raccoon Games August 2026 Warhammer 40k Doubles Tournament): no pairings for first rounds — event may not have started
2026/07/20 12:08:01 skip event HuabExi7gqIy (TBZ Warhammer 40k RTT - August - 2k points (8/29)): no pairings for first rounds — event may not have started
2026/07/20 12:08:02 skip event Xf0xnkYnCusQ (Hobbytown 40k RTT): no pairings for first rounds — event may not have started
2026/07/20 12:08:03 skip event YwHnuYxikpoE (Turbulent Games Warhammer 40K GT @Sioux City Geek Con): no pairings for first rounds — event may not have started
2026/07/20 12:08:04 skip event 9Llg2z3Ihde4 (August Hidden Lair 11th Edition tournament): no pairings for first rounds — event may not have started
2026/07/20 12:08:06 skip event Nh3INRz48C5o (Melville Junction Open): no pairings for first rounds — event may not have started
2026/07/20 12:08:07 skip event Yd5h7xERWfEL (Battle For Franklin Q3 2026): no pairings for first rounds — event may not have started
2026/07/20 12:08:08 skip event axiTzKA2ciNk (August 2026 Miniature Market Warhammer 40k RTT): no pairings for first rounds — event may not have started
2026/07/20 12:08:08 no games exported for RgaSrx6tBrIK (40K 11th Escalation League); skipped=0
2026/07/20 12:08:10 skip event nutwDzHatdGU (Battleshocked Gaming - Sonoma Teams 2026): no pairings for first rounds — event may not have started
2026/07/20 12:08:11 skip event NYjBX6G7xOic (Champions of the Mid Table Summer Major 2026): no pairings for first rounds — event may not have started
2026/07/20 12:08:12 skip event sUBJ9fafhkLE (The Portland Game Store 40K RTT): no pairings for first rounds — event may not have started
2026/07/20 12:08:13 skip event JIqTt4Ofs0kc (Oh My Warhammer 40k): no pairings for first rounds — event may not have started
2026/07/20 12:08:14 skip event TWSw2XIlNv4P (August Lionsheart 40k Tournament): no pairings for first rounds — event may not have started
2026/07/20 12:08:15 skip event l61egSkQo3M9 (Rhondda Renegades Summer Cup): no pairings for first rounds — event may not have started
2026/07/20 12:08:15 skip event j2ArZte1pROg (Warlords Doubles - 4): no pairings for first rounds — event may not have started
2026/07/20 12:08:17 skip event hoGbczOCCpzg (Mayhem RTT August 2026): no pairings for first rounds — event may not have started
2026/07/20 12:08:18 skip event hWQJQ5Qhk6F0 (Great Stories 40k August Tournament): no pairings for first rounds — event may not have started
2026/07/20 12:08:19 skip event lRj8kdcoss90 (Monthly Fantasy Forged 40k RTT - August 30th, 2026): no pairings for first rounds — event may not have started
2026/07/20 12:08:20 skip event aFIYDjDvLO6x (Ronin Games Tournament): no pairings for first rounds — event may not have started
2026/07/20 12:08:21 skip event A8fWNMwc8vIx (Warhammer 40000 - Competitive League II - LA LEGA DI ARMAGEDDON): no pairings for first rounds — event may not have started
2026/07/20 12:08:22 skip event U1c8tQrSvfGz (Midweek Masters Are the kids back yet?): no pairings for first rounds — event may not have started
2026/07/20 12:08:23 skip event rjsD6DbPut07 (VT Community League): no pairings for first rounds — event may not have started
2026/07/20 12:08:24 skip event XYOIKbW6ARmP (N24 WH40K 11th ed League #2): no pairings for first rounds — event may not have started
2026/07/20 12:08:25 skip event RxePIdr6vFCY (Games of Westeros XXII): no pairings for first rounds — event may not have started
2026/07/20 12:08:26 skip event XU46qbVKHy73 (11th Edition Escalation League GG Malvern): no pairings for first rounds — event may not have started
2026/07/20 12:08:27 no games exported for 2jPaAdOes5r3 (Warhammer 40000: 2026 Championship Monthly Tournament - Round 9); skipped=0
2026/07/20 12:08:28 skip event IPCgPvGTgshi (Da Revolushion 2026): no pairings for first rounds — event may not have started
2026/07/20 12:08:29 skip event b8q7cEBhgFmk (The Battle before the Battle in the Bush (TBbtBitB)): no pairings for first rounds — event may not have started
2026/07/20 12:08:30 skip event PzNCgvyFCyDX (Midtcon Warhammer 40K Fall 2026 - Singles Tournament): no pairings for first rounds — event may not have started
2026/07/20 12:08:30 skip event Kklk5YSTOvzO (TBO UK September 2026): no pairings for first rounds — event may not have started
2026/07/20 12:08:32 skip event wDrInOYyM6ky (Dual Battle Slaughter Fest!): no pairings for first rounds — event may not have started
2026/07/20 12:08:33 skip event 77UbiT0ixbwt (Zaanhammer Store Tourney 6): no pairings for first rounds — event may not have started
2026/07/20 12:08:34 skip event jOiiXU9eMOgL (D6 Games- The Cambridge Clash GT): no pairings for first rounds — event may not have started
2026/07/20 12:08:35 skip event qK4zSh43z5Sk (Black Crow Gaming's Battle of the RAGNAR Teams of 3 GT.): no pairings for first rounds — event may not have started
2026/07/20 12:08:36 skip event ihEmIUGqUdOb (Twin-Linked Doubles the Fourth Crusade): no pairings for first rounds — event may not have started
2026/07/20 12:08:36 skip event xscz2vpkNczF (Battlefield Birmingham Annihilation 8): no pairings for first rounds — event may not have started
2026/07/20 12:08:38 skip event R3rUqCuylpMf (Nailhammer XII GT): no pairings for first rounds — event may not have started
2026/07/20 12:08:38 skip event kzuxmuRD8uS0 (WH40K SWC: Qualifier 7 - September): no pairings for first rounds — event may not have started
2026/07/20 12:08:39 skip event 7fG9Novrauhv (Im-Pirie-um Invitational 2026): no pairings for first rounds — event may not have started
2026/07/20 12:08:40 skip event uFzbY4EwyJBo (ICE HAMMER ITC GT II - 2025/2026): no pairings for first rounds — event may not have started
2026/07/20 12:08:41 skip event CPA61D4TJ4mD (Kringler's September 2026 RTT): no pairings for first rounds — event may not have started
2026/07/20 12:08:42 skip event IreT9SrAMN9s (Hooker Hoe Down 2026): no pairings for first rounds — event may not have started
2026/07/20 12:08:43 skip event VhL7jCtAonck (Circle City Clash GT @ Who's Yer Con): no pairings for first rounds — event may not have started
2026/07/20 12:08:44 skip event WweOaPuUdDQf (Immortals RTT September 2026): no pairings for first rounds — event may not have started
2026/07/20 12:08:45 skip event 4fuA9p8FiCsh (Orchard of OHNO 2026 40K GT): no pairings for first rounds — event may not have started
2026/07/20 12:08:46 skip event 5JpekYoKAEfE (1000 pt 40k RTT. Sept 5th, 2026.): no pairings for first rounds — event may not have started
2026/07/20 12:08:47 skip event CIBemh2R96lW (Armed Forces Day 2026): no pairings for first rounds — event may not have started
2026/07/20 12:08:48 skip event 4uFL4Hbj9Ht6 (Haha Anime Quarterly League 9-12): no pairings for first rounds — event may not have started
2026/07/20 12:08:49 skip event IlNgxkRIH434 (Warhammer 40k: Road to BOLTERCON RTT II): no pairings for first rounds — event may not have started
2026/07/20 12:08:50 skip event xyA9Rz9pJmZ2 (Sumrall Games Warhammer 40K GT - Chaos In The Cage): no pairings for first rounds — event may not have started
2026/07/20 12:08:51 skip event mYYuExZA3wdd (Rune and Board RTT - 11th ed - Sep 2026): no pairings for first rounds — event may not have started
2026/07/20 12:08:52 skip event PY493aIpyXYP (16ºBBQ Wargames Moguer): no pairings for first rounds — event may not have started
2026/07/20 12:08:53 no games exported for Uz3gYkcU0laB (NLWB Club League September); skipped=0
2026/07/20 12:08:54 skip event 8YuG6WObcEbr (TAGS Autumn 2026 RTT): no pairings for first rounds — event may not have started
2026/07/20 12:08:55 skip event 78ockg5I4g3W (Hole in the Wall Hobbies September 2026 RTT): no pairings for first rounds — event may not have started
2026/07/20 12:08:56 skip event pniLWIFsS4V7 (Crucible 2026): no pairings for first rounds — event may not have started
2026/07/20 12:08:57 skip event HIaFF3FLffNS (Crucible WH40k Narrative): no pairings for first rounds — event may not have started
2026/07/20 12:08:58 skip event Q3N88OMxP0fD (The Challengers Cup 2026): no pairings for first rounds — event may not have started
2026/07/20 12:08:59 skip event ECk84jR1neZx (Invasion 2026 40k): no pairings for first rounds — event may not have started
2026/07/20 12:09:00 skip event Le7byi2v9FXr (No Prisoners 2026: 3 man Teams): no pairings for first rounds — event may not have started
2026/07/20 12:09:01 skip event YoUORPcWjJHI (Battle in the Bush 2026): no pairings for first rounds — event may not have started
2026/07/20 12:09:02 skip event CTthYcCMSsx1 (BAYERN MAJOR 40k 2026): no pairings for first rounds — event may not have started
2026/07/20 12:09:03 skip event jFru0mCq8XMP (Skaraborg Team Championship 2026): no pairings for first rounds — event may not have started
2026/07/20 12:09:04 skip event ojWDutr7cXfP (WarpTactics GT): no pairings for first rounds — event may not have started
2026/07/20 12:09:05 skip event QIrACZtmjxrd (Aemona Grand Tournament vol. 5): no pairings for first rounds — event may not have started
2026/07/20 12:09:06 skip event LGZM4fxqkZxX (Sunshine Coast Open 2026): no pairings for first rounds — event may not have started
2026/07/20 12:09:07 skip event thNmgWHb80Vf (September Siege, 40k, 2k Point Tournament): no pairings for first rounds — event may not have started
2026/07/20 12:09:08 skip event ZpcgaiTdgtK9 (Doonhamer Open 2026): no pairings for first rounds — event may not have started
2026/07/20 12:09:09 skip event d1aQBklEp7QM (Overwatch 2026 - Two Day Warhammer 40,000 Tournament): no pairings for first rounds — event may not have started
2026/07/20 12:09:10 skip event ZZf1IoyX5Rjh (Flying Monkey Con 26 Warhammer 40k GT): no pairings for first rounds — event may not have started
2026/07/20 12:09:11 skip event ICUcbrsfbEI5 (Dice Like Ice 40K RTT - Sept 2026): no pairings for first rounds — event may not have started
2026/07/20 12:09:12 skip event vir4TILjumgv (Blackshield Narrative Tournament / Tournoi Narratif): no pairings for first rounds — event may not have started
2026/07/20 12:09:13 skip event 34I9HbcSk8a0 (Thunder Hammer III - Warhammer 40K Tournament): no pairings for first rounds — event may not have started
2026/07/20 12:09:14 skip event BykBQtgElkjP (Battle Forged RTT): no pairings for first rounds — event may not have started
2026/07/20 12:09:15 skip event UgpR4o9T95k8 (Battle of the Littlest, Biggest): no pairings for first rounds — event may not have started
2026/07/20 12:09:16 skip event in8CLyPVwEz1 (Alternate Universes September Warhammer Tournament @ Oaks II): no pairings for first rounds — event may not have started
2026/07/20 12:09:17 skip event 79KihpFDDcFZ (40k Brawl & Brew Tournament): no pairings for first rounds — event may not have started
2026/07/20 12:09:18 skip event AVRMisjGPK5G (TTK's SEPT RTT [2026]): no pairings for first rounds — event may not have started
2026/07/20 12:09:19 skip event JnxSFByE6DDR (North Coast Grand Tournament): no pairings for first rounds — event may not have started
2026/07/20 12:09:20 skip event hlo524FfTUkf (Flying Monkey Con 2026 King of the Colosseum): no pairings for first rounds — event may not have started
2026/07/20 12:09:21 skip event OcCAXuetBgdk (MWTC 25-26 Championship): no pairings for first rounds — event may not have started
2026/07/20 12:09:22 skip event o6JMhu2ebfo6 (Titan Games: September 2026 RTT): no pairings for first rounds — event may not have started
2026/07/20 12:09:23 skip event xFGfkS18zZBi (Fellowship TEAM INVITATIONAL): no pairings for first rounds — event may not have started
2026/07/20 12:09:24 skip event NdZTrQCB91iR (Gt celaya 2026): no pairings for first rounds — event may not have started
2026/07/20 12:09:25 skip event 3H7O1eJbH7Vc (Badlands Battleground!): no pairings for first rounds — event may not have started
2026/07/20 12:09:26 skip event 6NCITMUJMlQc (Castle of Games 11): no pairings for first rounds — event may not have started
2026/07/20 12:09:27 skip event 5eBLjYRBOHdz (Springs Thundercluckers September 2026 GT WCW Qualifier): no pairings for first rounds — event may not have started
2026/07/20 12:09:28 skip event y0z21bSF7ngk (Warhammer 40K, 2000 point Singles Tournament): no pairings for first rounds — event may not have started
2026/07/20 12:09:29 skip event JK09Z1KxYDb8 (Winchester 40K RTT - September 2026): no pairings for first rounds — event may not have started
2026/07/20 12:09:30 skip event fc9uvHuozdXF (CARNAGE RTT at Leodis Games): no pairings for first rounds — event may not have started
2026/07/20 12:09:31 skip event 9B8p3wMCgKyW (Great Stories 40k Doubles Tournament): no pairings for first rounds — event may not have started
2026/07/20 12:09:32 skip event FxnZFPcKr0Vn (National Championship Uruguay 40k The Golden Throne 2026): no pairings for first rounds — event may not have started
2026/07/20 12:09:33 skip event 7AJiLu1fynRz (4Tk Autumn 2026 League): no pairings for first rounds — event may not have started
event By5gMeVVZ168 (SteelBros Dark Tournament 3): 14 games (rounds≤6, skipped rows=3)
2026/07/20 12:09:35 skip event 2Bjg63p0wLbk (CHMECS FEST - French Warhammer 40K Open): no pairings for first rounds — event may not have started
2026/07/20 12:09:36 skip event phzeGrqVFlfl (Risky Rollers Team Tournament): no pairings for first rounds — event may not have started
2026/07/20 12:09:38 skip event DruH9rP1pRPW (GT BCN 2026 Warhammer 40K): no pairings for first rounds — event may not have started
2026/07/20 12:09:39 skip event PXt57fiMP4Y1 (Lemanik Waaagh Team Tournament #LWTT2026): no pairings for first rounds — event may not have started
2026/07/20 12:09:40 skip event dQUlEf8GSMvY (DPW Team Tournament GT1): no pairings for first rounds — event may not have started
2026/07/20 12:09:41 skip event wAZhCje3KOR1 ([OE:S] Fall 2026): no pairings for first rounds — event may not have started
2026/07/20 12:09:42 skip event zVKA5bhPu9NC (WG SEPTEMBER 2026 RTT - Warhammer 40k Tournament 2,000 Points): no pairings for first rounds — event may not have started
2026/07/20 12:09:43 skip event BNEmlzICSdAd (Kirtonian Conflict 11th 1k 40k): no pairings for first rounds — event may not have started
2026/07/20 12:09:44 skip event M0BJjJ8FuW9R (40k Tournament 19th September): no pairings for first rounds — event may not have started
2026/07/20 12:09:44 skip event PX1aIVpFRRQl (That 6++ RTT Series 2026: Autumn): no pairings for first rounds — event may not have started
2026/07/20 12:09:45 skip event cVwZvbRGFutX (NaughtyK: Warhammer 40k RTT September (19/09/26)): no pairings for first rounds — event may not have started
2026/07/20 12:09:46 skip event g7lUteLbuKOX (WH40k event - Boltgun Tactics Doubles Sept 2026, hosted by Battleground UK): no pairings for first rounds — event may not have started
2026/07/20 12:09:47 skip event sdzlomG0rG2U (Gothic Games Canterbury: September RTT): no pairings for first rounds — event may not have started
2026/07/20 12:09:49 skip event Ib6CwTGEnqSF (Ribatejo Open 2026): no pairings for first rounds — event may not have started
2026/07/20 12:09:50 skip event t03xeERaWs5b (Carnage at The Outpost): no pairings for first rounds — event may not have started
2026/07/20 12:09:51 skip event pjW1kEtjBcJw (Blu-toon tournament): no pairings for first rounds — event may not have started
2026/07/20 12:09:51 skip event DGFQmtd9HwGz (HFX Games: 40K 2026 - Sep): no pairings for first rounds — event may not have started
2026/07/20 12:09:52 skip event 58tm8cCJhf02 (Studs and Snotlings 2026): no pairings for first rounds — event may not have started
2026/07/20 12:09:53 skip event j1yN8utrn3Og (One Thicc Grand Tournament at Motor City Gaming September): no pairings for first rounds — event may not have started
2026/07/20 12:09:54 skip event vqRxl8k3TPCj (Grill Hammer 2026): no pairings for first rounds — event may not have started
2026/07/20 12:09:55 skip event 1hEIXSEp1LYT (Midgard September 2026 ITC Tournament): no pairings for first rounds — event may not have started
2026/07/20 12:09:56 skip event GBzJu2MbZgfF (Alternate Universes September Warhammer Tournament): no pairings for first rounds — event may not have started
2026/07/20 12:09:57 skip event qqmm1T8u3J2n (September 2026 Crossroads 40k RTT): no pairings for first rounds — event may not have started
2026/07/20 12:09:58 skip event rqw3pt7wR4ci (2000 pt 40k RTT September 19th, 2026.): no pairings for first rounds — event may not have started
2026/07/20 12:09:59 skip event sKiPFhRZrQje (Tolgard Fall 2026 Tournament): no pairings for first rounds — event may not have started
2026/07/20 12:10:01 skip event wp21QrISwmhy (Bazooka Games - September 2k 40k Event): no pairings for first rounds — event may not have started
2026/07/20 12:10:02 skip event 30bpf9SvGaMI (BR&WL CON 40K GT): no pairings for first rounds — event may not have started
2026/07/20 12:10:03 skip event A8Ei3ddtTYPw (Summerset 2026 RTT): no pairings for first rounds — event may not have started
2026/07/20 12:10:04 skip event zwFfDtxGm3rY (Webway Games September RTT): no pairings for first rounds — event may not have started
2026/07/20 12:10:05 skip event aARpPi7j6SnP (Battle For Brookfield Q3 2026): no pairings for first rounds — event may not have started
2026/07/20 12:10:06 skip event gcOK4GHsLudO (GE 40k RTT Sept. 2026): no pairings for first rounds — event may not have started
2026/07/20 12:10:07 skip event AgeOjRGFJnW3 (Treasure Trove Games - Warhammer 40k RTT: September 19, 2026): no pairings for first rounds — event may not have started
2026/07/20 12:10:08 skip event L5jSYDbcd8sp (WH40k 2k 11th edition @ Green Tower Games): no pairings for first rounds — event may not have started
2026/07/20 12:10:09 skip event QGTAIMpwgXRX (K.O.C TOURNAMENT series 6): no pairings for first rounds — event may not have started
2026/07/20 12:10:10 skip event kN4BlMKO8IS9 (MMG: 40K RTT SEPTEMBER 2026): no pairings for first rounds — event may not have started
2026/07/20 12:10:11 skip event Jy1Q6YIwq03v (Hobby Henchmen Sep RTT): no pairings for first rounds — event may not have started
2026/07/20 12:10:12 skip event pLw2yH5scRQH (Mystic Forge Games 40K Sept RTT): no pairings for first rounds — event may not have started
2026/07/20 12:10:13 skip event HG4cBTe0vvtT (Cruisehammer 2026): no pairings for first rounds — event may not have started
2026/07/20 12:10:14 skip event Qoo5xijz0CIv (The London Grand Tournament - 40k Main Event (LGT 40k GT)): no pairings for first rounds — event may not have started
2026/07/20 12:10:15 skip event sHPsSu7YyZ3p (Hanseatic Alliance Open 2026): no pairings for first rounds — event may not have started
2026/07/20 12:10:16 skip event g6mwGj9t8vZv (The Armadillo Cup WarZone Houston): no pairings for first rounds — event may not have started
2026/07/20 12:10:17 skip event MLZowbpcjq7J (Shed Hammer - 3 Player Teams): no pairings for first rounds — event may not have started
2026/07/20 12:10:18 skip event rrOQGm555xgI (2026 Grim Series 8): no pairings for first rounds — event may not have started
2026/07/20 12:10:19 skip event OO5PZ8VSiO05 (Saimaa GT 2026): no pairings for first rounds — event may not have started
2026/07/20 12:10:21 skip event 52A1NqDRGJU5 (Conclaribe 2026): no pairings for first rounds — event may not have started
2026/07/20 12:10:22 skip event SIPdYHCLjDF2 (The Realm 40K September GT 2026): no pairings for first rounds — event may not have started
2026/07/20 12:10:23 skip event ZeZ2Fz5Z0u6f (Grand Pitounerie 2 Open 40k de Loire Atlantique): no pairings for first rounds — event may not have started
2026/07/20 12:10:25 skip event CRM4nsrEbIF5 (Space Potato Tournament): no pairings for first rounds — event may not have started
2026/07/20 12:10:26 skip event IH3asze6AjKi (Wettcon höst 2026): no pairings for first rounds — event may not have started
2026/07/20 12:10:27 skip event gkbQLjDbBjoZ (Rhys' Rogue Trader Tournament - RRTT): no pairings for first rounds — event may not have started
2026/07/20 12:10:28 skip event 8bm5NM6KBJVn (40k Learners Tournament 26th September): no pairings for first rounds — event may not have started
2026/07/20 12:10:29 skip event aBfHE7udEkX3 (Gridiron Gaming Presents "Skulls for the Skull Throne" - 40k Singles): no pairings for first rounds — event may not have started
2026/07/20 12:10:30 skip event yoQOs7xGirEt (Swordwind XVII): no pairings for first rounds — event may not have started
2026/07/20 12:10:31 skip event aIQPEE4LqRFd (September Hobbytown RTT): no pairings for first rounds — event may not have started
2026/07/20 12:10:32 skip event U3fPhWFa41sK (2026 Wars on the Shore GT): no pairings for first rounds — event may not have started
2026/07/20 12:10:34 skip event nMwpRFE5dlCl (26 September 2026 - OWN's 5v5 Team Tournament at DZ Comics): no pairings for first rounds — event may not have started
2026/07/20 12:10:34 skip event 2LljQDKDHw7o (Battlegrounds September RTT): no pairings for first rounds — event may not have started
2026/07/20 12:10:36 skip event 85EEVZRUjqJZ (Turbulent Games Warhammer 40K GT @Siouxper Con): no pairings for first rounds — event may not have started
2026/07/20 12:10:37 skip event HpKOVqVbTV9K (GUTI - Icehammer Throwdown - Sep 2026): no pairings for first rounds — event may not have started
2026/07/20 12:10:38 skip event VMi2aNMsk33i (21st Legion Wargaming Presents: The Battle for Maryland 2026 hosted by Away Games): no pairings for first rounds — event may not have started
2026/07/20 12:10:39 skip event WD61HhJzCDkW (TJ Cafe & Games September 40K RTT): no pairings for first rounds — event may not have started
2026/07/20 12:10:40 skip event iUoYve7YqyhE (Palladium Games September 40K RTT): no pairings for first rounds — event may not have started
2026/07/20 12:10:41 skip event kXEPvtC2JZMN (Western Canadian Team Championship 2026): no pairings for first rounds — event may not have started
2026/07/20 12:10:42 skip event Nlkp4Lg9TeKO (Battle for the Bluegrass sponsored by Rogues Realm and The Rusty Scabbard): no pairings for first rounds — event may not have started
2026/07/20 12:10:43 skip event z0FZ92eLmErz (Second City Games September Teams Event): no pairings for first rounds — event may not have started
2026/07/20 12:10:44 skip event Dr2Ksbx0ZNB5 (Team Dirt Review Warhammer 40,000 Season 8 - Finals): no pairings for first rounds — event may not have started
2026/07/20 12:10:45 skip event PzI5Y04T63yF (September Hidden Lair 11th edition tournament): no pairings for first rounds — event may not have started
2026/07/20 12:10:46 skip event mfcY4THrPe0g (Rogue Series RTT): no pairings for first rounds — event may not have started
2026/07/20 12:10:48 skip event PSMnLSjZAafM (Dakka & Doom 2v2 Tournament): no pairings for first rounds — event may not have started
2026/07/20 12:10:49 no games exported for R49l4kPXrhCW (4H40K - September Open Play); skipped=0
2026/07/20 12:10:49 no games exported for gyPK2d4et9jC (Hammers & Bolters - Duo Tournament - Fall 2026); skipped=0
2026/07/20 12:10:50 skip event nsJsSbRnExY4 (SPEEDHAMMER!!! 5): no pairings for first rounds — event may not have started
2026/07/20 12:10:51 skip event oWVLLwhMlJzV (40k Autumn 2k League): no pairings for first rounds — event may not have started
2026/07/20 12:10:52 skip event udtqsQLr2FXu (WGS| Warhammer 40,000 RTT SUN 27TH SEPTEMBER): no pairings for first rounds — event may not have started
2026/07/20 12:10:53 skip event aPv7p6tmhQkR (Monthly Fantasy Forged 40k RTT - Septermber 27th, 2026): no pairings for first rounds — event may not have started
2026/07/20 12:10:54 skip event CXaOmUHNOrQE (Mil-D-Con Warhammer 40k): no pairings for first rounds — event may not have started
2026/07/20 12:10:55 skip event 575mQixPQa4f (Warbanner 13 - Warhammer 40K): no pairings for first rounds — event may not have started
2026/07/20 12:10:56 skip event noHpt7ivZCTm (Warhammer 40K, 1000 point Incursion Singles Tournament): no pairings for first rounds — event may not have started
2026/07/20 12:10:57 skip event u2m6rj9Z6TO1 (Bendigo open 2026): no pairings for first rounds — event may not have started
2026/07/20 12:10:58 no games exported for gpQU0a7bCD5K (Warhammer 40000: 2026 Championship Monthly Tournament - Round 10); skipped=0
2026/07/20 12:10:59 skip event HqDZ5aTQOBfN (Grand Fanatic V - 40k): no pairings for first rounds — event may not have started
2026/07/20 12:11:00 skip event aVIW2lAWbmt3 (Guild Con VIII 40k 2v2): no pairings for first rounds — event may not have started
2026/07/20 12:11:01 skip event UZfPw9j3ONU0 (Krashen 5 Battle at arby): no pairings for first rounds — event may not have started
2026/07/20 12:11:02 skip event 3je0dyOPUQQT (Pilsen Meta Rift Fall 2026): no pairings for first rounds — event may not have started
2026/07/20 12:11:03 skip event HtYkhNqThlMC (3. Traunstein Cup): no pairings for first rounds — event may not have started
2026/07/20 12:11:04 skip event SFMg3KpBErwP (2. OCB 40k Turnier am HeroFest): no pairings for first rounds — event may not have started
2026/07/20 12:11:05 skip event 8PY4BtNsHGSE (MMG: 40K RTT OCTOBER 2026): no pairings for first rounds — event may not have started
2026/07/20 12:11:06 skip event P0ALWAuxnkNd (Diss is Orktober! 2k Tournament 40k): no pairings for first rounds — event may not have started
2026/07/20 12:11:06 skip event GFMmHmBt8YFB (Immortals RTT October 2026): no pairings for first rounds — event may not have started
2026/07/20 12:11:07 skip event W65rcuWvtnuQ (Midgard Battle Against Breast Cancer October 40k ITC Tournament): no pairings for first rounds — event may not have started
2026/07/20 12:11:08 skip event 3Ed6h8jgFjlu (Warhammer 40K RTT @ The Art Store): no pairings for first rounds — event may not have started
2026/07/20 12:11:09 skip event ffmkzYBvgfay (Hallow's Eve 2026 RTT): no pairings for first rounds — event may not have started
2026/07/20 12:11:10 skip event djW4nB8YcPVW (Sonoma Con RTT): no pairings for first rounds — event may not have started
2026/07/20 12:11:11 no games exported for gUjo23WCJlWu (NLWB Club League October); skipped=0
2026/07/20 12:11:12 skip event o5Vs0OHjBIVR (Purge at the Pavilion 2026): no pairings for first rounds — event may not have started
2026/07/20 12:11:13 skip event z8NXm2IO9BBJ (Warhammer 40000 - Warriors fight for victory!): no pairings for first rounds — event may not have started
2026/07/20 12:11:14 skip event SnVyEOmsAorP (Hole in the Wall Hobbies October 2026 RTT): no pairings for first rounds — event may not have started
2026/07/20 12:11:15 skip event JnuE9UpokXRb (Sonoma Con Doubles): no pairings for first rounds — event may not have started
2026/07/20 12:11:16 skip event TftFairza6jS (MMG: 40K Autumn 2K League 2026): no pairings for first rounds — event may not have started
2026/07/20 12:11:17 skip event LOimQro6gzQo (Midweek Masters Hallows Eve Fury October): no pairings for first rounds — event may not have started
2026/07/20 12:11:18 no games exported for jqsEvIArBVCY (Warhammer World 2026 Event); skipped=0
2026/07/20 12:11:19 skip event jjK8zh9OXkCI (BFS GT 2026 (NEW 3-DAY EVENT)): no pairings for first rounds — event may not have started
2026/07/20 12:11:19 skip event 2ss0gU7WalEb (ITA 40K SINGLES RTT OCTOBER 2026): no pairings for first rounds — event may not have started
2026/07/20 12:11:20 skip event cSVXPS37HBN9 (RBA CUP 2026): no pairings for first rounds — event may not have started
2026/07/20 12:11:21 skip event lYY9eoLpJJh1 (Dice Dropzone Tournament XII): no pairings for first rounds — event may not have started
2026/07/20 12:11:22 skip event YhGkW4fxQBkL (Belgium GT 2026): no pairings for first rounds — event may not have started
2026/07/20 12:11:23 skip event uXEl604fpThR (Lost Legion Wargaming 40k RTT): no pairings for first rounds — event may not have started
2026/07/20 12:11:24 skip event CR05xU5xQ3A2 (The Cornish Big Bash 2026): no pairings for first rounds — event may not have started
2026/07/20 12:11:25 skip event bwATTsu4AmfZ (Doubles RTT 2026): no pairings for first rounds — event may not have started
2026/07/20 12:11:26 skip event 4AWZG1E2yOV6 (Imps Gaming + Hive City Gaming GT October 2026): no pairings for first rounds — event may not have started
2026/07/20 12:11:27 skip event 6mD4SQvDdKNj (41st MILLENIUM OCTOBERFEST - 1 Day 40K RTT Woking, UK): no pairings for first rounds — event may not have started
2026/07/20 12:11:28 skip event 7Olupxa7eiyF (Autumn Slaughter GT at Red October Games): no pairings for first rounds — event may not have started
2026/07/20 12:11:29 skip event DQuSpJz9xDNz (Black Crow Gaming's Battle of the RAGNAR GT! October): no pairings for first rounds — event may not have started
2026/07/20 12:11:30 skip event EXgfA7GqZZGh (Tactical Operations Oct 2026 - One Day Warhammer 40K Tournament): no pairings for first rounds — event may not have started
2026/07/20 12:11:31 skip event qkHRdUUP8rHS (One Thicc RTT October): no pairings for first rounds — event may not have started
2026/07/20 12:11:32 skip event Sjx1ujDzJW6j (Call to Arms Hosted by Away Games): no pairings for first rounds — event may not have started
2026/07/20 12:11:33 skip event dOU3BtGxo3qH (WICKED CITY WARGAMING GT OPEN 2026): no pairings for first rounds — event may not have started
2026/07/20 12:11:34 skip event rU46nIOweM97 (Alternate Universes October Warhammer Tournament): no pairings for first rounds — event may not have started
2026/07/20 12:11:35 skip event 03ZkZI4ZoYIC (TTK's OCT RTT [2026]): no pairings for first rounds — event may not have started
2026/07/20 12:11:36 skip event 5fz31pHlDkCP (Good AF Games 40k Quarterly (Oct.)): no pairings for first rounds — event may not have started
2026/07/20 12:11:37 skip event DL72pYOGTzyX (10 October2026 - OWN's Doubles Tournament at Wizards Asylum): no pairings for first rounds — event may not have started
2026/07/20 12:11:38 skip event R6hlUyfjfo64 (Denver 40K Fight Club Oct. Open ‘26): no pairings for first rounds — event may not have started
2026/07/20 12:11:39 skip event 5O0uyqS9IZUE (Rook's 40k Open 2026): no pairings for first rounds — event may not have started
2026/07/20 12:11:40 skip event 5dYDVVnPIDSz (FlatCon - Warhammer 40,000 Grand Tournament): no pairings for first rounds — event may not have started
2026/07/20 12:11:41 skip event HQgAbFd9gPnu (Warhammer 40k: Road to BOLTERCON RTT III): no pairings for first rounds — event may not have started
2026/07/20 12:11:42 skip event JgVeLM3XepZa (2nd Annual Bigfoot Open GT): no pairings for first rounds — event may not have started
2026/07/20 12:11:43 skip event YxvqZzbxWQfz (Titan Games: October 2026 RTT): no pairings for first rounds — event may not have started
2026/07/20 12:11:44 skip event a3OVZEBq96dd (2026 Miniature Market WH 40k Warehouse Grand Tournament): no pairings for first rounds — event may not have started
2026/07/20 12:11:45 skip event 5uZ5xrUASZBi (Conquest Italia - Canvas of War 40k): no pairings for first rounds — event may not have started
2026/07/20 12:11:46 skip event TUZHaOCW4pG6 (Eric Daily Shield 2026): no pairings for first rounds — event may not have started
2026/07/20 12:11:47 skip event iXHOTbEYlcsR (THE GRAND STRATEGIUM - OCTOBER 2026 RTT): no pairings for first rounds — event may not have started
2026/07/20 12:11:48 skip event 2S8u0xOwii2Q (Shed Hammer - RTT): no pairings for first rounds — event may not have started
2026/07/20 12:11:49 skip event nZ5GdY9Jw6RM (Ratcon 2026): no pairings for first rounds — event may not have started
2026/07/20 12:11:50 skip event Ee603K6Jchri (2026 Grim Series 9): no pairings for first rounds — event may not have started
2026/07/20 12:11:51 skip event 0AnbBMIimdKy (Malmö Wargaming Weekend 10 40K GT): no pairings for first rounds — event may not have started
2026/07/20 12:11:51 skip event HIFn8AoKUJKU (Team National Championship 2026): no pairings for first rounds — event may not have started
2026/07/20 12:11:52 skip event JsVFOZludbn1 (Alba GT 2026): no pairings for first rounds — event may not have started
2026/07/20 12:11:53 skip event qSH2vYIOGfLC (V Torneo circuito KapuaKaudillo 2026): no pairings for first rounds — event may not have started
2026/07/20 12:11:54 skip event 9uuPrQl6mF3k (Gothic Games Canterbury: October GT): no pairings for first rounds — event may not have started
2026/07/20 12:11:55 skip event CPHCeT0Ra9WZ (That 6++ Grand Tournament: South 2026): no pairings for first rounds — event may not have started
2026/07/20 12:11:56 skip event Fh8GBKApbkI6 (Scottish Open Team Championship): no pairings for first rounds — event may not have started
2026/07/20 12:11:57 skip event QrjCuiNIlzRy (Battle in the Badlands): no pairings for first rounds — event may not have started
2026/07/20 12:11:58 skip event gr6tW1ooh4yb (Hellstorm's PaRTTy (Tournament) 17th October 2026): no pairings for first rounds — event may not have started
2026/07/20 12:12:00 skip event jEHHLiK2oRHx (Bristol Crusaders Autumn Lone Op): no pairings for first rounds — event may not have started
2026/07/20 12:12:01 skip event 5gOAoZlA7Cvt (WH40K SWC: Qualifier 8 - October): no pairings for first rounds — event may not have started
2026/07/20 12:12:02 skip event ydrd6jeJkDvM (Geekfest - Arc's of Fire- 40K GT): no pairings for first rounds — event may not have started
2026/07/20 12:12:03 skip event euZVF3NwTCBJ (Beast Coast Gaming Fall Brawl 2026): no pairings for first rounds — event may not have started
2026/07/20 12:12:05 skip event ICSY9JBlUOrf (Gamehole Con 40K Event Hosted by Away Games): no pairings for first rounds — event may not have started
2026/07/20 12:12:05 skip event I2BSDm4XChY1 (October 2026 Crossroads 40k RTT): no pairings for first rounds — event may not have started
2026/07/20 12:12:06 skip event cgW0q0z8Eqfy (Queen City Orktoberfest 2026): no pairings for first rounds — event may not have started
2026/07/20 12:12:07 skip event dDMgR0D4MgMM ( 1st Annual King of the Mountains 40K GT): no pairings for first rounds — event may not have started
2026/07/20 12:12:08 skip event ztAoPcaFlUF9 (Bazooka Games - October 2k 40k Event): no pairings for first rounds — event may not have started
2026/07/20 12:12:09 skip event 0cW5KLYT0fsH (Cata Cup 2026 Warhammer 40,000 Grand Tournament): no pairings for first rounds — event may not have started
2026/07/20 12:12:10 skip event Q9q3qPHmE9Gn (Battle of Heroes): no pairings for first rounds — event may not have started
2026/07/20 12:12:11 skip event RxF8I8uiLeog (Webway Games October RTT): no pairings for first rounds — event may not have started
2026/07/20 12:12:13 skip event cLbg6SO8Agt4 (Rumble on the Rivers 40k GT 2026): no pairings for first rounds — event may not have started
2026/07/20 12:12:13 skip event pvPyLfK5dERs (Mektoberfest  2026 40k Gt): no pairings for first rounds — event may not have started
2026/07/20 12:12:15 skip event DJlQYXdS2eEI (WARHAMMER 40,000 - 2026 RTT): no pairings for first rounds — event may not have started
2026/07/20 12:12:16 skip event DTj3KUguGA43 (Narrative: Armageddon Dominatus): no pairings for first rounds — event may not have started
2026/07/20 12:12:17 skip event GCSyyimoK63L (Paragon City Games 40K Store Championships): no pairings for first rounds — event may not have started
2026/07/20 12:12:18 skip event 3m46mvTpz2kd (Herejaibas Grand Tournament 3): no pairings for first rounds — event may not have started
2026/07/20 12:12:19 skip event f2nSe1L4tGVU (GITHAMMER WAAAGH WEEKEND!!): no pairings for first rounds — event may not have started
2026/07/20 12:12:20 skip event iRQmY3AZcEC8 (GE 40k RTT Oct. 2026): no pairings for first rounds — event may not have started
2026/07/20 12:12:21 skip event tCGgH3QI8HJE (Winchester 40K RTT - October 2026): no pairings for first rounds — event may not have started
2026/07/20 12:12:22 skip event fhfLGBNb68iG (Mystic Forge Games 40K Oct RTT): no pairings for first rounds — event may not have started
2026/07/20 12:12:23 skip event eiFCqB8PDmI2 (New Zealand Team Championship 2026): no pairings for first rounds — event may not have started
2026/07/20 12:12:24 skip event 2YJ12dur0dYp (WH40k event - Boltgun Tactics RTT Oct 2026, hosted by Battleground UK): no pairings for first rounds — event may not have started
2026/07/20 12:12:25 skip event OXiiHXYpT5mm (40k Beginners Tournament 24th Oct): no pairings for first rounds — event may not have started
2026/07/20 12:12:26 skip event 66GD9lRwWWT4 (Incursion Events 40K Singles RTT 24/10/2026): no pairings for first rounds — event may not have started
2026/07/20 12:12:27 skip event MYPxOVhWYC8q (WGS| Warhammer 40,000 DOUBLES RTT SAT 24TH OCTOBER): no pairings for first rounds — event may not have started
2026/07/20 12:12:28 skip event OLyRZf97Gy0h (Beer-Hammer 40K): no pairings for first rounds — event may not have started
2026/07/20 12:12:29 skip event Zg6r6jT5wE7i (TG&G FALL GT 2026): no pairings for first rounds — event may not have started
2026/07/20 12:12:30 skip event 37iCrZUS9T7f (OrktoberFest III: This time ,It's a Gt at Blue Hen): no pairings for first rounds — event may not have started
2026/07/20 12:12:31 skip event Eis0iWI0aF7y (TJ Cafe & Games October 40K RTT): no pairings for first rounds — event may not have started
2026/07/20 12:12:32 skip event WYuPw08CBnhl (GUTI - Icehammer Throwdown - Oct 2026): no pairings for first rounds — event may not have started
2026/07/20 12:12:33 skip event sHQxfxLieYnE (RCM: Night of the Wolf 2026): no pairings for first rounds — event may not have started
2026/07/20 12:12:34 skip event hozlaCppQbZy (24 & 25 October 2026 - OWN's Breaking Point GT at Game HQ): no pairings for first rounds — event may not have started
2026/07/20 12:12:35 skip event ODy2EmqDvQGW (Treasure Trove Games - Warhammer 40k Grim Harvest GT 2026): no pairings for first rounds — event may not have started
2026/07/20 12:12:36 skip event 8TjO7x9Zo5uT (CARNAGE SEASON 4 - TEAMS OCTOBER 2026): no pairings for first rounds — event may not have started
2026/07/20 12:12:36 skip event MA9kfBpkLSMS (NaughtyK: Warhammer 40k RTT October (25/10/26)): no pairings for first rounds — event may not have started
2026/07/20 12:12:37 skip event Z6htAtD8dBDm (Blyth Wargamers- Autumn Apocalypse Doubles 2026): no pairings for first rounds — event may not have started
2026/07/20 12:12:38 skip event Zm5jDA1UCcap (Hazardous Championship V1): no pairings for first rounds — event may not have started
2026/07/20 12:12:39 skip event x37gRdAVMXu1 (Calling the Banners 2026): no pairings for first rounds — event may not have started
2026/07/20 12:12:40 skip event bcDM2tF3LUPP (Nordic Championship: WH40K Doubles): no pairings for first rounds — event may not have started
2026/07/20 12:12:41 skip event x31TXR7janHc (TTT 2026): no pairings for first rounds — event may not have started
2026/07/20 12:12:42 skip event k0Lyrv18KAVw (D6 Games - The Bedford Bash III): no pairings for first rounds — event may not have started
2026/07/20 12:12:43 skip event TmthqGPSP1dL (Ocean City Games Expo): no pairings for first rounds — event may not have started
2026/07/20 12:12:44 skip event b6WbbMVIcX1u (Swordwind XIX - 2000 Points Warhammer 40k tournament.): no pairings for first rounds — event may not have started
2026/07/20 12:12:45 skip event wzOV8piyEoQb (Tuga Communities Invitational): no pairings for first rounds — event may not have started
2026/07/20 12:12:46 skip event nt5VQBWrkiVg (Steel Carnival: 4x2 Team Doubles Tournament 2026): no pairings for first rounds — event may not have started
2026/07/20 12:12:47 skip event nLgcsF6LkkmP (Saskatchewan Open 2026 (SKO 2026)): no pairings for first rounds — event may not have started
2026/07/20 12:12:47 skip event LjpFkCXimfnV (Hole in the Wall Hobbies November 2026 RTT): no pairings for first rounds — event may not have started
2026/07/20 12:12:48 skip event INEwFoAcVyqM (Midweek Masters Iron Man Warmup): no pairings for first rounds — event may not have started
2026/07/20 12:12:49 skip event wbbvWNlaU1Bo (Show Me Showdown Warhammer 40k Championships): no pairings for first rounds — event may not have started
2026/07/20 12:12:50 skip event eOsxuVnelJOO (2026 Grim Series 10): no pairings for first rounds — event may not have started
2026/07/20 12:12:51 no games exported for pKhHIL2ZsoPs (Warhammer 40000: 2026 Championship Monthly Tournament - Bonus Round (Doubles)); skipped=0
2026/07/20 12:12:52 skip event LUke0mNFAye7 (D6 Games- Chelmsford Chop III): no pairings for first rounds — event may not have started
2026/07/20 12:12:53 skip event nLz2OhmVAk7S (Winchester 40K GT - November 2026): no pairings for first rounds — event may not have started
2026/07/20 12:12:54 skip event 6JlULkvxiT4e (Tactical Operations Nov 2026 - One Day Warhammer 40K Tournament): no pairings for first rounds — event may not have started
2026/07/20 12:12:55 skip event 5wJHtogZnKDm (Green Dice Games Presents: The Lehigh Valley Team Tournament II): no pairings for first rounds — event may not have started
2026/07/20 12:12:56 skip event uUz6VbjOGuPe (Onslaught Team Open): no pairings for first rounds — event may not have started
2026/07/20 12:12:57 skip event mrMPXlqc7Hsl (Immortals RTT November 2026): no pairings for first rounds — event may not have started
2026/07/20 12:12:58 skip event DXwKBQBCyvXC (GAME ON FIGHT CLUB COMIC CON): no pairings for first rounds — event may not have started
2026/07/20 12:12:59 skip event emlV7Vsl1l0O (Battle for the North GT- NEW DATES!): no pairings for first rounds — event may not have started
2026/07/20 12:13:00 skip event r3hRFqfR9wNk (Bunker Down GT 2026 RBBR): no pairings for first rounds — event may not have started
2026/07/20 12:13:01 skip event gPMNeCNl3Mm8 (MMG: 40K RTT NOVEMBER 2026): no pairings for first rounds — event may not have started
2026/07/20 12:13:02 skip event iEMBkUNLLi3T (South China Open 2026): no pairings for first rounds — event may not have started
2026/07/20 12:13:03 skip event TNIs6OTssVoi (Souther Stompas 2026): no pairings for first rounds — event may not have started
2026/07/20 12:13:04 skip event OWyL9Vf0W3nA (PragueGT - Fall 2026): no pairings for first rounds — event may not have started
2026/07/20 12:13:05 skip event dZwni69HTj39 (D6 Games- The Cambridge Clash III): no pairings for first rounds — event may not have started
2026/07/20 12:13:05 skip event MtO5Arw1PtJo (40k Learners Tournament 14th Nov): no pairings for first rounds — event may not have started
2026/07/20 12:13:06 skip event cIkmaPfe2nHG (The Autumn I. T. T. - INTERNATIONAL TEAM TOURNAMENT - November): no pairings for first rounds — event may not have started
2026/07/20 12:13:07 skip event jOGkxE0EW18M (November RTT at Northern Alliance Games): no pairings for first rounds — event may not have started
2026/07/20 12:13:08 skip event 3f6zS2H1ju82 (One Thicc RTT November): no pairings for first rounds — event may not have started
2026/07/20 12:13:09 skip event M8uYWwVU6r3X (Midgard November 2026 ITC Tournament): no pairings for first rounds — event may not have started
2026/07/20 12:13:10 skip event UXdPFcHgZfoP (TTK's NOV RTT [2026]): no pairings for first rounds — event may not have started
2026/07/20 12:13:11 skip event 5sNhZDwUk4F2 (Unending Hunger 2026 RTT): no pairings for first rounds — event may not have started
2026/07/20 12:13:12 skip event Gxwyv1q4YlF8 (Old Guard Games 40k Tournament): no pairings for first rounds — event may not have started
2026/07/20 12:13:13 skip event IiRYACtS4TAJ (OKO - Warhammer 40k Grand Tournament): no pairings for first rounds — event may not have started
2026/07/20 12:13:14 skip event wPqQZ4xtC6qp (Red Raccoon Games November 2026 Warhammer 40k Singles Tournament): no pairings for first rounds — event may not have started
2026/07/20 12:13:15 skip event GKe3mMmqFXQp (KnightFall: The Tracy Crusade GT): no pairings for first rounds — event may not have started
2026/07/20 12:13:16 skip event iokJBxHo40A6 (Dakka & Doom 2v2 Tournament): no pairings for first rounds — event may not have started
2026/07/20 12:13:17 skip event rwn4SNbhdIWl (Shed Hammer - Gladiator): no pairings for first rounds — event may not have started
2026/07/20 12:13:18 skip event UXU01mtaYX65 (ITA 40K THREE-PLAYER TEAMS 2026): no pairings for first rounds — event may not have started
2026/07/20 12:13:19 skip event C5ughuQEbC59 (West Allotment at War 5 RTT ITC): no pairings for first rounds — event may not have started
2026/07/20 12:13:20 skip event Pu1Gy8x4dhlg (Phoenix 40K Autumn GT 2026): no pairings for first rounds — event may not have started
2026/07/20 12:13:20 skip event zS5WBl7f5m7u (Warhammer 40,000 - Team Event): no pairings for first rounds — event may not have started
2026/07/20 12:13:21 skip event JTg6jo3Ao7Wz (That 6++ RTT Series 2026: Winter): no pairings for first rounds — event may not have started
2026/07/20 12:13:22 skip event yH70W5zWxYF6 (WH40k event - Boltgun Tactics RTT November 2026, hosted by Battleground UK): no pairings for first rounds — event may not have started
2026/07/20 12:13:23 skip event zfk6BglTkQzk (The South Lakes GT | 2-Day 40k 11E Matched Play Event): no pairings for first rounds — event may not have started
2026/07/20 12:13:24 skip event ObdchVGpEPEb (Broadsword Wargaming 40K ITC Seasonal Major X): no pairings for first rounds — event may not have started
2026/07/20 12:13:25 skip event yxLSFV8EHXob (DUNGEONS AND DONUTS - NOVEMBER 2026 RTT): no pairings for first rounds — event may not have started
2026/07/20 12:13:26 skip event Q6r9YUd4oRdW (GUTI Majestic Beasties VI (2026)): no pairings for first rounds — event may not have started
2026/07/20 12:13:27 skip event bRVQnfQrCZKf (Battle Brothers GT Hosted by Away Games): no pairings for first rounds — event may not have started
2026/07/20 12:13:28 skip event eHR0ljg6Qygx (Battle Forged RTT): no pairings for first rounds — event may not have started
2026/07/20 12:13:29 skip event ngGnjdASkiR4 (The Standoff 2026): no pairings for first rounds — event may not have started
2026/07/20 12:13:30 skip event Jn0PPRYi2LlI (Bazooka Games - November 2k 40k Event): no pairings for first rounds — event may not have started
2026/07/20 12:13:31 skip event 05QAaCMWdJV0 (Webway Games November RTT): no pairings for first rounds — event may not have started
2026/07/20 12:13:32 skip event 2pxdEVXxm0Pu (TJ Cafe & Games November 2026 40K RTT): no pairings for first rounds — event may not have started
2026/07/20 12:13:33 skip event eL19Z54LunAP (GE 40k RTT Nov. 2026): no pairings for first rounds — event may not have started
2026/07/20 12:13:33 skip event JqXtnRuFWNjm (Hero’s of the Mid Table Fall GT): no pairings for first rounds — event may not have started
2026/07/20 12:13:34 skip event 4B8vDi2yqg0N (Battle of the golden spurs I): no pairings for first rounds — event may not have started
2026/07/20 12:13:35 skip event H8HBX715CCUS (Hive City Gaming RTT November 2026): no pairings for first rounds — event may not have started
2026/07/20 12:13:36 skip event JnwtaWdHT4ws (NaughtyK: Warhammer 40k RTT November (22/11/26)): no pairings for first rounds — event may not have started
2026/07/20 12:13:37 skip event QtLwtPAonwvm (Mystic Forge Games 40K Nov RTT): no pairings for first rounds — event may not have started
2026/07/20 12:13:38 skip event 9dQmDuUwrE5W (N&T Charity Team Tournament): no pairings for first rounds — event may not have started
2026/07/20 12:13:39 skip event jzgPXtO9TrJI (LEIPZIG MAJOR TEAM 40K 2026): no pairings for first rounds — event may not have started
2026/07/20 12:13:40 skip event u5ju5qtRtVy9 (🔥Napalm Hobbies - FROST FIRE 3 GT - 40K - ITC - ETC): no pairings for first rounds — event may not have started
2026/07/20 12:13:41 skip event SLXXPAuDflDl (RR Nova-ember Open '26): no pairings for first rounds — event may not have started
2026/07/20 12:13:42 skip event X6KIz2PYTbvZ (Battlefront 2026): no pairings for first rounds — event may not have started
2026/07/20 12:13:42 skip event BoK2rzqoBbSC (The 2026 Autumn Swordwind Grand Tournament): no pairings for first rounds — event may not have started
2026/07/20 12:13:43 skip event WInSzHzrAhyz (Hobby Henchmen Nov GT): no pairings for first rounds — event may not have started
2026/07/20 12:13:44 skip event 3mknjSzqGEVT (WGS| Warhammer 40,000 GT SAT 28TH & SUN 29TH NOVEMBER): no pairings for first rounds — event may not have started
2026/07/20 12:13:45 skip event RKf0hDfCIwjp (Commader Faraight's Christmas 2026): no pairings for first rounds — event may not have started
2026/07/20 12:13:46 skip event eHfbmvc7OlJb (Alternate Universes November Warhammer Tournament): no pairings for first rounds — event may not have started
2026/07/20 12:13:47 skip event LXgOcBq3KXtp (Mythicos Studios Doubles Tournament - November 28th, 2026): no pairings for first rounds — event may not have started
2026/07/20 12:13:48 no games exported for Erndvr6zanaI (4H40K - November Open Play); skipped=0
2026/07/20 12:13:49 skip event nGgu90KvHWGB (Castle of Games 12): no pairings for first rounds — event may not have started
2026/07/20 12:13:50 skip event gq7fp8h32lk0 (Midweek Masters Christmas Special): no pairings for first rounds — event may not have started
2026/07/20 12:13:51 no games exported for nfVRM023twYu (Warhammer 40000: 2026 Championship Monthly Tournament - Bonus Round (TBA)); skipped=0
2026/07/20 12:13:51 skip event 2d7I7SA9yit4 (Dissmass Waaaagh! 2k Tournament 40k): no pairings for first rounds — event may not have started
2026/07/20 12:13:52 skip event 2e2nPR2HK2Op (Warhammer 40000 Xmas Special 2026): no pairings for first rounds — event may not have started
2026/07/20 12:13:53 skip event EbNfvtZHCyk8 (Bristol Crusaders Winter GT): no pairings for first rounds — event may not have started
2026/07/20 12:13:54 skip event giCqhfN91FXB (40k Beginners Tournament 5th Dec): no pairings for first rounds — event may not have started
2026/07/20 12:13:55 skip event wTLVT1CzwGV5 (HELLSTORM TEAM TOURNAMENT #3 (H.T.T) – DECEMBER: (5/6)): no pairings for first rounds — event may not have started
2026/07/20 12:13:56 skip event rqb2DFksBNjZ (Immortals Inc December 2026): no pairings for first rounds — event may not have started
2026/07/20 12:13:58 skip event u0u0uWYKn2LA (Red Raccoon Games December 2026 Warhammer 40k Doubles Tournament): no pairings for first rounds — event may not have started
2026/07/20 12:13:59 skip event VkUNQsWBtC2K (Merry Slaaneshmass 2026): no pairings for first rounds — event may not have started
2026/07/20 12:14:00 skip event ETlTokph5hqA (Hammers & Bolters - Solo tournament - Fall 2026): no pairings for first rounds — event may not have started
2026/07/20 12:14:01 skip event T0UtzVTOEJt7 (Hole in the Wall Hobbies December 2026 RTT): no pairings for first rounds — event may not have started
2026/07/20 12:14:02 skip event S5cL61L6JByB (Under the Missile Toad 2026): no pairings for first rounds — event may not have started
2026/07/20 12:14:03 skip event jWkFFFSbfpKL (Shed Hammer Christmas): no pairings for first rounds — event may not have started
2026/07/20 12:14:03 skip event Uy2FH3PREOmI (Brisbane Lowrollers: December Teeny Teams 2026): no pairings for first rounds — event may not have started
2026/07/20 12:14:04 skip event niBuz7gcrAgK (NexuS Winter Team Open 2026): no pairings for first rounds — event may not have started
2026/07/20 12:14:05 skip event Cy3HszPdD9S7 (Swordwind XX - 2000 Points Warhammer 40k tournament.): no pairings for first rounds — event may not have started
2026/07/20 12:14:06 skip event e9y3Rh5DrCRL (Throne of Skulls - 40K RTT): no pairings for first rounds — event may not have started
2026/07/20 12:14:07 skip event wYKduOZBlP4A (Battle of the Ragnar Christmas DOUBLES! (December)): no pairings for first rounds — event may not have started
2026/07/20 12:14:08 skip event SOfvogQGNurx (RTT at The Outpost - Christmas ): no pairings for first rounds — event may not have started
2026/07/20 12:14:09 skip event fLjQlXveLXeb (The Winter War III - Two Day Warhammer 40,000 Tournament): no pairings for first rounds — event may not have started
2026/07/20 12:14:10 skip event v1vo7Qy4toUd (One Thicc RTT December): no pairings for first rounds — event may not have started
2026/07/20 12:14:11 skip event 6zwY1jpct1QE (1Up Games' Annual GET A LIFE GT): no pairings for first rounds — event may not have started
2026/07/20 12:14:12 skip event cjLM0ajeaLCK (TTK's DEC RTT [2026]): no pairings for first rounds — event may not have started
2026/07/20 12:14:13 skip event 5NKPyQGhZ8ww (Mythicos Studios Slow Grow League RTT): no pairings for first rounds — event may not have started
2026/07/20 12:14:14 skip event JtGjrFwOA5gT (TG&G XMAS DOUBLES TOURNAMENT): no pairings for first rounds — event may not have started
2026/07/20 12:14:15 skip event u7WSFKcNk2SC (Mad Alpacalypse 2026 Warhammer 40k Major): no pairings for first rounds — event may not have started
2026/07/20 12:14:16 skip event xo1SO4gyE6BL (WG DECEMBER 2026 RTT - Warhammer 40k Tournament 2,000 Points): no pairings for first rounds — event may not have started
2026/07/20 12:14:17 skip event 4VZDJy1RvwHG (CARNAGE SEASON 4 - DECEMBER 2026 RTT): no pairings for first rounds — event may not have started
2026/07/20 12:14:18 skip event opUq51TY9lLz (2026 Grim Series GT): no pairings for first rounds — event may not have started
2026/07/20 12:14:19 skip event I0yeeQ3JI5jV (VI Torneo circuito KapuaKaudillo 2026): no pairings for first rounds — event may not have started
2026/07/20 12:14:20 skip event wdKb4AWsoGEO (MMG: 40K RTT DECEMBER 2026): no pairings for first rounds — event may not have started
2026/07/20 12:14:21 skip event CpNwrhKY5QnN (Christmas Jumpers Expected! 40K Tournament): no pairings for first rounds — event may not have started
2026/07/20 12:14:22 skip event rVnxiwvVJavW (WH40k event - Boltgun Tactics GT December 2026, hosted by Battleground UK): no pairings for first rounds — event may not have started
2026/07/20 12:14:23 skip event wPQJqFiYnmHA (December 2026 Crossroads 40k RTT): no pairings for first rounds — event may not have started
2026/07/20 12:14:24 skip event 7g1Zqbo0fqvT (19 & 20 December 2026 - OWN's Breaking Point GT at DZ Comics): no pairings for first rounds — event may not have started
2026/07/20 12:14:25 skip event f0miUkrBtMMh (Fellowship Christmas Cup): no pairings for first rounds — event may not have started
2026/07/20 12:14:26 skip event vtAUbeoFtt6h (Webway Games December RTT): no pairings for first rounds — event may not have started
2026/07/20 12:14:26 skip event XafITAzoAHaf (WARHAMMER 40,000 - 2026 RTT): no pairings for first rounds — event may not have started
2026/07/20 12:14:27 skip event tJtTHbygfJK7 (GE 40k RTT Dec. 2026): no pairings for first rounds — event may not have started
2026/07/20 12:14:28 skip event h3HhqWY6hF9r (NaughtyK: Warhammer 40k RTT December (20/12/26)): no pairings for first rounds — event may not have started
2026/07/20 12:14:29 skip event SfPqvZB8Uw8n (ITA 40K SINGLES RTT DECEMBER 2026): no pairings for first rounds — event may not have started
2026/07/20 12:14:30 skip event ff05foaC8oQH (Winchester Turkey Buster 40K RTT - December 2026): no pairings for first rounds — event may not have started
2026/07/20 12:14:31 skip event Rlt8kjwrTQlv (Harwich Heretics 2027 League): no pairings for first rounds — event may not have started
2026/07/20 12:14:32 skip event qaIiMrJZSP5B (Fellowship HAMMERS & HEADACHES): no pairings for first rounds — event may not have started
2026/07/20 12:14:33 skip event 13Ang9ZZ4DiI (Denver 40K Fight Club Jan. Open ‘27): no pairings for first rounds — event may not have started
2026/07/20 12:14:34 skip event YEWCn37dET8D (Warhammer 40k Doubles Tournament): no pairings for first rounds — event may not have started
2026/07/20 12:14:35 skip event dixwTAny10Mf (Shed Hammer - King of the North): no pairings for first rounds — event may not have started
2026/07/20 12:14:36 skip event FQC3YrrgHduQ (Fellowship TEAM INVITATIONAL): no pairings for first rounds — event may not have started
2026/07/20 12:14:37 skip event 9foWCNFGQKQr (Green Dice Games Winter Ruin IV Warhammer 40K Grand Tournament): no pairings for first rounds — event may not have started
2026/07/20 12:14:38 skip event 4eahfaki3aRj (PATH TO GLORY - THE WALL OF ICE): no pairings for first rounds — event may not have started
2026/07/20 12:14:40 skip event 3VKBwVNeeNxc (Denver 40K Fight Club Feb. Open ‘27): no pairings for first rounds — event may not have started
2026/07/20 12:14:41 skip event 8fQtKiuVeZPQ (The Gargoyle Games (40K)): no pairings for first rounds — event may not have started
2026/07/20 12:14:41 no games exported for 9G1KxsmVoaex (Okeanos Rising 2027 - Team Based Grand Narrative Campaign); skipped=0
2026/07/20 12:14:42 skip event fad31QVOXTrL (CAGBASH XX 40k Tournament): no pairings for first rounds — event may not have started
2026/07/20 12:14:43 skip event DC0EteolFNs6 (Winchester 40K RTT - April 2027): no pairings for first rounds — event may not have started
2026/07/20 12:14:44 skip event wVd4J8n3F3An (PTG - THE ETERNAL THRONE SOLO): no pairings for first rounds — event may not have started
2026/07/20 12:14:45 skip event 7o2C23S72Td5 (The Shattered Crown - Warhammer 40k Narrative Event): no pairings for first rounds — event may not have started
Wrote 39334 matches → bcp-matches-2026-07-20.json (for local-elo: -matches bcp-matches-2026-07-20.json)
